start_node,end_node,key,osmid,oneway,lanes,name,highway,reversed,length,geometry,maxspeed,junction,bridge,width,tunnel
2165604353,475082799,0,453761206,True,3,Rua de Damião de Góis,secondary,False,7.092,,,,,,
479183873,5297703224,0,1030031001,False,4,Rua do Campo Alegre,secondary,True,80.263,"LINESTRING (-8.6344234 41.1524621, -8.6343718 41.1524692, -8.6341695 41.1524971, -8.6339491 41.1525251, -8.6335704 41.1525732, -8.6335202 41.1525796, -8.633479 41.1525859)",,,,,
479183873,479183608,0,"[128363658, 1169722591]",False,3,Rua do Campo Alegre,secondary,False,267.474,"LINESTRING (-8.6344234 41.1524621, -8.6345977 41.1524387, -8.6347003 41.1524249, -8.6348243 41.1524083, -8.6350234 41.1524096, -8.6355022 41.152436, -8.6359434 41.1524604, -8.6362346 41.1525246, -8.6363837 41.1525575, -8.6366768 41.1526253, -8.6368042 41.1526548, -8.6373324 41.1527828, -8.63737 41.1527919, -8.6375345 41.1528317)",50,,,,
1110673414,335561971,0,30405564,True,,Rua de Ricardo Severo,residential,False,177.965,"LINESTRING (-8.6248951 41.1571731, -8.624919 41.1571011, -8.6250592 41.1566306, -8.6253268 41.1557475, -8.6253677 41.1556127)",,,,,
9401053197,4381093226,0,1019264548,True,2,,secondary,False,8.459,"LINESTRING (-8.6079369 41.1770267, -8.6079906 41.1770291, -8.6080362 41.1770197)",,roundabout,,,
1243857944,122432566,0,1051517428,False,2,Rua de Pedro Hispano,secondary,False,59.743,"LINESTRING (-8.6353455 41.1628208, -8.6354235 41.1627831, -8.6359462 41.1625307)",,,,,
137993249,1216789894,0,13797599,False,2,Rua de Antero de Quental,secondary,False,127.028,"LINESTRING (-8.6115801 41.1606857, -8.611647 41.1604019, -8.6117323 41.1600184, -8.6117894 41.1597375, -8.6118201 41.1595983, -8.6118316 41.1595592)",,,,,
122432550,12148105774,0,13262695,True,3,Rua de Pedro Hispano,secondary,False,93.621,"LINESTRING (-8.6308069 41.1650366, -8.6316345 41.1646726, -8.6316776 41.1646537, -8.6317726 41.1646119)",,,,,
475082799,5865201872,0,"[1174565664, 453761206]",True,3,Rua de Damião de Góis,secondary,False,98.786,"LINESTRING (-8.6142332 41.1620717, -8.6138807 41.1620271, -8.6130674 41.1619342)",,,,,
122432560,122434048,0,"[211561641, 1020088533]",True,1,Rua de Pedro Hispano,secondary,False,143.34,"LINESTRING (-8.6336666 41.1637296, -8.6338338 41.1636238, -8.6349653 41.163044, -8.6349924 41.1630294, -8.6350672 41.1629893)",,,yes,,
122432561,1243857944,0,1051517428,False,2,Rua de Pedro Hispano,secondary,False,14.149,,,,,,
4473265202,444017071,0,34628257,False,,Rua de Augusto Lessa,tertiary,False,216.921,"LINESTRING (-8.6021352 41.1698873, -8.601967 41.1698792, -8.6003417 41.1697991, -8.599941 41.1697794, -8.5995487 41.1697666)",,,,,
122432566,343646781,0,1051517428,False,2,Rua de Pedro Hispano,secondary,False,172.548,"LINESTRING (-8.6359462 41.1625307, -8.6376397 41.1618333, -8.6377548 41.1617864)",,,,,
128588858,128580161,0,13798291,True,2,,secondary_link,False,132.47299999999998,"LINESTRING (-8.6043711 41.1725769, -8.6045266 41.1726801, -8.6046446 41.1727497, -8.6047532 41.1728093, -8.604886 41.1728699, -8.6050536 41.1729224, -8.6052186 41.1729698, -8.6053447 41.1729991, -8.6054144 41.1730243, -8.6054882 41.1730607, -8.6055338 41.1730819, -8.6055807 41.1731081, -8.6056921 41.1732029)",,,,,
128566335,128560437,0,13797704,False,3,Praça de Nove de Abril,secondary,False,84.221,"LINESTRING (-8.6127436 41.1718292, -8.6127544 41.1717464, -8.6128154 41.1712961, -8.6128402 41.1710753)",,,,,
128566335,5258500725,0,228569586,False,2,Rua de Monsanto,tertiary,False,51.577,"LINESTRING (-8.6127436 41.1718292, -8.6128427 41.1718284, -8.6132224 41.1718248, -8.6133596 41.1718197)",,,,,
8091600965,343646709,0,30912883,True,1,Rua de Antero de Quental,tertiary,False,148.43699999999998,"LINESTRING (-8.6109324 41.1654481, -8.6109341 41.1656206, -8.6109268 41.1657322, -8.6108909 41.1667199, -8.6108886 41.1667825)",,,,,
411835470,445439284,0,958152519,False,2,Rua do Doutor Manuel Laranjeira,tertiary,False,47.562,"LINESTRING (-8.598181 41.1720387, -8.5982103 41.1720884, -8.5984117 41.1724296)",,,,,
411835470,411504965,0,"[206843931, 35078502, 958152519]",False,2,Rua do Doutor Manuel Laranjeira,tertiary,True,236.284,"LINESTRING (-8.598181 41.1720387, -8.5980474 41.1718124, -8.5977127 41.1712477, -8.5976901 41.1711824, -8.5975794 41.1708617, -8.5975577 41.1707987, -8.5972921 41.1700292)",,,yes,,
4246373461,1216789877,0,388048413,True,,Rua de Nossa Senhora de Fátima,tertiary,False,55.051,"LINESTRING (-8.6221304 41.1604408, -8.6224077 41.160479, -8.6224508 41.1604816, -8.6224801 41.1604806, -8.6225094 41.1604773, -8.6225548 41.1604698, -8.6225921 41.1604622, -8.6226186 41.1604541, -8.6226412 41.1604454, -8.6226653 41.1604355, -8.6227567 41.1603937)",,,,,
129795158,1438444064,0,13848836,True,1,Praça do Bom Sucesso,secondary,False,81.953,"LINESTRING (-8.6296436 41.1560838, -8.6298205 41.1557576, -8.6298762 41.1556611, -8.630041 41.1554107)",,,,,
128597080,4087312908,0,1167578694,False,3,Rua da Igreja de Paranhos,secondary,True,5.711,,,,,,
128597080,128580161,0,979428550,False,4,Rua da Igreja de Paranhos,secondary,False,46.632999999999996,"LINESTRING (-8.6058176 41.1736115, -8.6057649 41.1734355, -8.6056921 41.1732029)",50,,,,
128597080,411504967,0,1167578692,True,2,Largo da Igreja de Paranhos,secondary,False,48.057,"LINESTRING (-8.6058176 41.1736115, -8.6056268 41.1736407, -8.6052572 41.1737054)",,,,,
474691686,474546948,0,704509573,True,2,Rua da Constituição,secondary,False,86.107,"LINESTRING (-8.6152851 41.1632312, -8.6161933 41.1633406, -8.6163008 41.1633535)",,,,,
4598508646,2689537165,0,868014850,False,2,Rua de Monsanto,tertiary,True,22.102,"LINESTRING (-8.6213604 41.1700737, -8.6214728 41.1700002, -8.6215496 41.1699356)",,,,,
4598508648,4598508646,0,868014850,False,2,Rua de Monsanto,tertiary,True,23.384,,,,,,
2958410861,128560448,0,1028339894,False,2,Rua de Antero de Quental,secondary,True,47.991,"LINESTRING (-8.6109892 41.1645454, -8.6109781 41.1647338, -8.6109795 41.1649768)",,,,,
474691694,474691686,0,39598458,True,1,Rua Ribeiro de Sousa,residential,False,183.676,,,,,,
1225943158,126592365,0,104179543,False,3,Rua da Prelada,secondary,False,18.063,"LINESTRING (-8.6264102 41.1669453, -8.6264167 41.1668738, -8.626429 41.1667835)",,,,,
474691703,474690461,0,39598458,True,1,Rua Ribeiro de Sousa,residential,False,83.503,"LINESTRING (-8.6143419 41.1670268, -8.614354 41.1669719, -8.6145177 41.1662876)",,,,,
335691896,3391599154,0,128363659,True,1,Rua do Campo Alegre,secondary,False,56.181999999999995,"LINESTRING (-8.6330929 41.1526306, -8.6329652 41.152617, -8.6328164 41.1526332, -8.6326606 41.1526383, -8.6325351 41.1526333, -8.6324842 41.1526312, -8.6324251 41.1526305)",,,,,
335691896,5297703224,0,"[1030031001, 1316240063]",False,4,Rua do Campo Alegre,secondary,False,32.71,"LINESTRING (-8.6330929 41.1526306, -8.6331975 41.1526205, -8.6333006 41.1526078, -8.633479 41.1525859)",,,,,
3897692280,1387283703,0,675897037,False,2,Rua da Alegria,secondary,True,18.715,"LINESTRING (-8.5985204 41.1657017, -8.5985915 41.1655805, -8.5986056 41.1655463)",,,,,
2168903802,2168903808,0,434878397,False,,Rua de Augusto Lessa,residential,False,11.787,,,,,,
2168903802,343646683,0,"[1172588825, 30912870]",False,3,Rua de Aval de Baixo,residential,False,158.126,"LINESTRING (-8.5972898 41.1696602, -8.597304 41.1695567, -8.5973531 41.1692117, -8.5973698 41.1690957, -8.5974553 41.1685979, -8.5975736 41.1683866, -8.597633 41.1682719)",,,,,
10913198202,343646747,0,741767470,False,2,Rua de Monsanto,tertiary,True,12.588,,,,,,
2168903806,2168903802,0,434878397,False,,Rua de Augusto Lessa,residential,False,6.146,,,,,,
2168903808,411504965,0,206843929,True,,Rua do Doutor Manuel Laranjeira,residential,False,42.645,"LINESTRING (-8.597149 41.169662, -8.5971893 41.16978, -8.5972552 41.1699685, -8.5972921 41.1700292)",,,,,
455341194,1417675671,0,1190013241,True,2,Rua da Boavista,secondary,False,127.527,"LINESTRING (-8.6212708 41.1566109, -8.6226422 41.1568454, -8.622756 41.1568656)",,,,10,
2689537165,416011692,0,741767470,False,2,Rua de Monsanto,tertiary,True,10.646,,,,,,
1353874575,1418798461,0,"[13848688, 482276568]",True,2,Via Panorâmica,secondary,False,143.02,"LINESTRING (-8.6331114 41.1512531, -8.632876 41.1514495, -8.6327115 41.1516768, -8.6324716 41.1524179)",,,,,
9049275537,412248019,0,1028339896,False,2,Rua do Doutor Roberto Frias,secondary,False,22.450000000000003,"LINESTRING (-8.6001867 41.1756882, -8.6001887 41.1757993, -8.600181 41.1758899)",,,,,
9049275537,411504977,0,"[35145521, 1174863221]",False,3,Rua do Doutor Roberto Frias,secondary,True,118.583,"LINESTRING (-8.6001867 41.1756882, -8.6001652 41.1755369, -8.6001245 41.1753856, -8.6000901 41.1752896, -8.6000451 41.1751947, -8.6000191 41.1751417, -8.5999386 41.1750034, -8.5998329 41.1748119, -8.5997536 41.1746799)",,,,,
128560274,8493177618,0,"[1175952371, 210670990]",True,"['2', '1']",Rua de Antero de Quental,secondary,False,45.65,"LINESTRING (-8.6122531 41.1580584, -8.6123659 41.1578354, -8.6124484 41.1576751)",,,,,
128560275,1422610110,0,14329124,True,2,Largo da Lapa,secondary,False,19.646,"LINESTRING (-8.6126514 41.1573409, -8.6126822 41.1572826, -8.6127422 41.157178)",,,,4,
1110673556,128674452,0,212706762,False,5,Rua de Júlio Dinis,secondary,True,37.675,"LINESTRING (-8.626206 41.1526457, -8.6261331 41.152384, -8.6261136 41.1523141)",,,,,
1110673556,128673221,0,"[482296563, 200072875]",False,"['4', '3']",Praça da Galiza,secondary,False,85.992,"LINESTRING (-8.626206 41.1526457, -8.6262541 41.1526317, -8.626292 41.1526208, -8.6264362 41.1525794, -8.6267246 41.1524928, -8.627035 41.1524076, -8.6271726 41.1523893)",,,,,
287458452,287458454,0,448858672,False,2,Rua de Dionísio Santos Silva,residential,False,56.399,"LINESTRING (-8.6084741 41.1753527, -8.6088555 41.1753584, -8.609144 41.1753941)",,,,,
111415446,5284452753,0,"[1177650957, 250949165, 1177650958]",True,"['2', '3']",Avenida da Boavista,primary,False,218.882,"LINESTRING (-8.6358336 41.1589918, -8.6355239 41.1589419, -8.635316 41.1589086, -8.6352624 41.1589, -8.6350674 41.1588686, -8.6345512 41.1587795, -8.6345103 41.1587738, -8.6343641 41.1587487, -8.6342105 41.1587222, -8.6341734 41.1587158, -8.6339939 41.1586849, -8.6336453 41.1586249, -8.6334014 41.1585822, -8.633282 41.1585628)",,,,,
287458449,416007714,0,26248565,True,,Rua de Delfim Maia,residential,False,91.381,"LINESTRING (-8.6103785 41.1727672, -8.6095116 41.1729352, -8.6094669 41.1729427, -8.6093197 41.1729674)",,,,,
287458449,2486710547,0,35104969,False,2,Rua de Delfim Maia,residential,False,60.426,"LINESTRING (-8.6103785 41.1727672, -8.6104543 41.1727534, -8.6109755 41.1726582, -8.6110801 41.1726391)",,,,,
287458454,435240919,0,"[35104970, 37143414]",True,1,Rua de Leonardo Coimbra,residential,False,86.792,"LINESTRING (-8.609144 41.1753941, -8.6091809 41.1753455, -8.6095077 41.1749513, -8.6096949 41.1747329)",,,,,
128578706,11108276739,0,30912874,True,,Rua da Igreja de Paranhos,tertiary,False,10.386,,,,,,
111799455,2585503026,0,608418575,True,2,Praça Mouzinho de Albuquerque,primary,False,34.128,"LINESTRING (-8.6302268 41.158278, -8.6302663 41.1581949, -8.6302952 41.1581105, -8.630324 41.1579808)",,roundabout,,,
3092543648,1788786387,0,128363655,True,1,Rua Gonçalo Sampaio,secondary,False,40.77,"LINESTRING (-8.6322 41.1536041, -8.6323112 41.1534968, -8.6323175 41.153482, -8.6323788 41.153272)",,,,,
3092543648,2244990442,0,"[482263508, 224637998]",False,3,Rua Gonçalo Sampaio,secondary,True,55.57099999999999,"LINESTRING (-8.6322 41.1536041, -8.6321425 41.1536944, -8.6320578 41.1537974, -8.6319742 41.1538791, -8.6318622 41.1539742, -8.6318156 41.1540073)",,,,,
1165604001,316511864,0,35541709,False,,Largo do Campo Lindo,tertiary,False,22.343,,,,,,
1165604001,416007718,0,35541709,False,,Largo do Campo Lindo,tertiary,True,5.921,,,,,,
10838683814,1788786433,0,1165291406,True,1,Rua de Júlio Dinis,secondary,False,8.115,,,,,,
474552495,474541483,0,1017147074,False,2,Rua de Serpa Pinto,tertiary,False,46.476,,50,,,,
474552495,138208872,0,1017147074,False,2,Rua de Serpa Pinto,tertiary,True,24.751,,50,,,,
411835384,4455723303,0,35997812,True,,Rua do Mondego,residential,False,73.549,"LINESTRING (-8.5964557 41.1726276, -8.5965547 41.172593, -8.5967883 41.1725112, -8.5970046 41.1724393, -8.5970773 41.1724149, -8.5972563 41.172355)",,,,,
411835384,432578922,0,461925689,False,,Rua do Actor Ferreira da Silva,residential,True,50.742,"LINESTRING (-8.5964557 41.1726276, -8.5963846 41.1725883, -8.5963548 41.1725719, -8.596037 41.1724217, -8.5959874 41.1724093, -8.5959338 41.1724091)",,,,,
5865201851,3896082259,0,"[914265957, 100862814, 100862815]",True,2,Rua de Faria Guimarães,secondary,False,387.668,"LINESTRING (-8.6078756 41.1601743, -8.6078204 41.1602203, -8.6075198 41.160862, -8.6068394 41.1624301, -8.6065132 41.1634965)",40,,,,yes
2225284288,128560446,0,28785456,True,2,Rua do Campo Lindo,tertiary,False,92.447,"LINESTRING (-8.610975 41.1676046, -8.6116564 41.1670823, -8.6117522 41.167014)",,,,,
5198412994,4455723336,0,706918119,False,2,Rua Doutor António Bernardino de Almeida,secondary,True,160.401,"LINESTRING (-8.6065315 41.1782479, -8.6065699 41.1782075, -8.6066207 41.178157, -8.6069943 41.1777853, -8.6070657 41.1777143, -8.6072952 41.1774766, -8.6076941 41.1771014)",50,,,,
4612022469,1419645372,0,1187730286,False,,Travessa da Carvalhosa,living_street,False,29.485,,,,,,
5865201872,343646851,0,1174565664,True,3,Rua de Damião de Góis,secondary,False,31.314,"LINESTRING (-8.6130674 41.1619342, -8.6129206 41.161917, -8.6128667 41.1619115, -8.6126976 41.1618918)",,,,,
432578781,4523960189,0,704870100,False,3,Rua do Doutor Roberto Frias,secondary,False,76.754,"LINESTRING (-8.5995986 41.1772548, -8.5993019 41.1778217, -8.5992641 41.1778975)",,,,,
432578781,412248019,0,"[704870100, 1028339895]",False,3,Rua do Doutor Roberto Frias,secondary,True,160.219,"LINESTRING (-8.5995986 41.1772548, -8.5996828 41.1770887, -8.5997431 41.1769697, -8.6000095 41.1764594, -8.6000982 41.1762672, -8.6001511 41.1761223, -8.6001733 41.1760053, -8.600181 41.1758899)",,,,,
126597343,12148105741,0,"[105637465, 13714507, 209436196]",True,2,Rua Domingos Sequeira,secondary,False,299.86,"LINESTRING (-8.6325164 41.1620091, -8.6324316 41.1620732, -8.6314861 41.1625237, -8.6310379 41.1627403, -8.6309934 41.1627597, -8.630899 41.1628035, -8.6308701 41.1628162, -8.6297933 41.1632878, -8.6295804 41.1633828, -8.6295406 41.1634006, -8.6294737 41.1634261)",,,yes,,
474800358,474793814,0,1016388206,False,2,Rua de São Dinis,tertiary,True,15.09,,,,,,
418191593,343634640,0,35541722,False,,Rua de São Veríssimo,tertiary,False,193.61599999999999,"LINESTRING (-8.6057303 41.1696451, -8.6054493 41.1697118, -8.6051518 41.1697988, -8.6045634 41.1699564, -8.6045032 41.1699694, -8.6044429 41.1699745, -8.6034918 41.1699541)",,,,,
129795309,314555992,0,1018561643,False,2,Rua Gonçalo Sampaio,secondary,True,54.048,,,,,,
129795309,129800102,0,14326205,False,2,Rua Gonçalo Sampaio,secondary,False,36.563,"LINESTRING (-8.6307303 41.1548092, -8.6308678 41.1546975, -8.6309024 41.1546686, -8.6310274 41.1545682)",,,,,
335561971,335561972,0,1010326124,True,,Largo da Paz,residential,False,10.309,,,,,,
335561972,335561973,0,1010326125,True,,Largo da Paz,residential,False,29.087,,,,,,
335561973,335562043,0,1015889588,True,,Rua da Paz,living_street,False,93.279,"LINESTRING (-8.6251675 41.1553246, -8.6251904 41.1553059, -8.6255795 41.1551007, -8.6256547 41.1550257, -8.6256816 41.1549506, -8.6256849 41.1546666)",20,,,,
1387283703,773982493,0,1083175719,False,2,Rua da Alegria,secondary,True,13.93,,,,,,
432578810,411504999,0,958152521,False,,Rua do Doutor Manuel Laranjeira,tertiary,False,47.082,"LINESTRING (-8.5987414 41.1729881, -8.5987791 41.1730511, -8.5989726 41.1733741)",,,,,
432578813,445439290,0,35078501,False,2,Rua do Doutor Manuel Laranjeira,tertiary,False,66.657,"LINESTRING (-8.5992093 41.1737693, -8.5992439 41.1738238, -8.5995415 41.1743141)",,,,,
432578817,411835384,0,461925689,False,,Rua do Actor Ferreira da Silva,residential,True,355.3550000000001,"LINESTRING (-8.5989768 41.1747749, -8.5988385 41.1747936, -8.5984031 41.1748528, -8.5983018 41.1748569, -8.5982259 41.1748505, -8.5981781 41.1748357, -8.5981253 41.1748201, -8.598001 41.174722, -8.5977104 41.1744085, -8.597652 41.1743402, -8.5974799 41.1741488, -8.5974674 41.174135, -8.5971302 41.1737602, -8.5969624 41.1734674, -8.5965174 41.1727029, -8.5964557 41.1726276)",,,,,
2605287683,287458449,0,26248567,True,1,Rua de Leonardo Coimbra,residential,False,99.086,"LINESTRING (-8.6103807 41.1736583, -8.6103787 41.1728373, -8.6103785 41.1727672)",,,,,
432578831,4282469015,0,461925686,False,,Rua do Doutor Júlio de Matos,residential,True,61.93,,,,,,
432578831,432578922,0,37141982,False,,,residential,False,369.5589999999999,"LINESTRING (-8.5941911 41.1754256, -8.5943094 41.1750868, -8.5945157 41.1745833, -8.5945616 41.1744782, -8.5946236 41.1743771, -8.5948228 41.1740779, -8.5949944 41.1737279, -8.595182 41.1733132, -8.5952904 41.1731596, -8.5957461 41.1725471, -8.5957971 41.1724933, -8.5958461 41.1724456, -8.595894 41.1724197, -8.5959338 41.1724091)",,,,,
2486710547,2486710615,0,"[35104968, 1176987147]",True,"['2', '1']",Praça de Nove de Abril,residential,False,146.94,"LINESTRING (-8.6110801 41.1726391, -8.6111859 41.1726469, -8.6117712 41.1726902, -8.6119992 41.1727074, -8.6127164 41.1727596, -8.6128275 41.1727662)",,,,,
2486710547,287458449,0,35104969,False,2,Rua de Delfim Maia,residential,True,60.426,"LINESTRING (-8.6110801 41.1726391, -8.6109755 41.1726582, -8.6104543 41.1727534, -8.6103785 41.1727672)",,,,,
2572799251,1243809319,0,108385736,True,,Rua 15 de Novembro,residential,False,141.282,"LINESTRING (-8.633255 41.1586437, -8.6332321 41.1587176, -8.6330171 41.1594285, -8.6329893 41.1595199, -8.6328715 41.159881)",,,,,
773982493,411842524,0,27292882,False,2,Rua da Alegria,secondary,True,117.496,"LINESTRING (-8.5986596 41.1654278, -8.598688 41.1653695, -8.598778 41.1651716, -8.5990253 41.164528, -8.5990691 41.1644174)",,,,,
1110698273,1788787056,0,642609452,True,3,Praça da República,secondary,False,121.054,"LINESTRING (-8.6120253 41.1538357, -8.6120261 41.1540321, -8.6120272 41.1542922, -8.6120238 41.1544215, -8.6120216 41.154573, -8.6120065 41.1548432, -8.6120047 41.1548761, -8.6120012 41.154924)",,,,,
474682657,474683167,0,453761206,True,3,Rua de Damião de Góis,secondary,False,26.643,,,,,,
4455723303,411835382,0,35997812,True,,Rua do Mondego,residential,False,23.499,,,,,,
1837918508,122432550,0,30912908,True,,Rua de Pedro Hispano,tertiary,False,80.29499999999999,"LINESTRING (-8.6299878 41.1654052, -8.6302002 41.1653306, -8.6303219 41.1652777, -8.6303632 41.1652598, -8.6306988 41.1651139, -8.6308069 41.1650366)",,,,,
128581937,2490198483,0,"[448858673, 13798541]",True,2,Rua da Igreja de Paranhos,tertiary,False,98.633,"LINESTRING (-8.6053176 41.1725805, -8.6053408 41.1722423, -8.6053731 41.1720831, -8.6054025 41.1719824, -8.6055323 41.1717155)",,,yes,,
2585503026,4468690328,0,608418574,True,3,Praça Mouzinho de Albuquerque,primary,False,74.855,"LINESTRING (-8.630324 41.1579808, -8.6303271 41.1579476, -8.6303348 41.1578557, -8.6303171 41.1576745, -8.6302528 41.157506, -8.6301439 41.1573337)",,roundabout,,,
445439284,432578810,0,958152519,False,2,Rua do Doutor Manuel Laranjeira,tertiary,False,67.958,,,,,,
128560437,343646688,0,30912875,True,1,Praça de Nove de Abril,residential,False,131.499,"LINESTRING (-8.6128402 41.1710753, -8.6126606 41.1710618, -8.6112781 41.1709494)",,,,,
5297703224,479183873,0,1030031001,False,4,Rua do Campo Alegre,secondary,False,80.263,"LINESTRING (-8.633479 41.1525859, -8.6335202 41.1525796, -8.6335704 41.1525732, -8.6339491 41.1525251, -8.6341695 41.1524971, -8.6343718 41.1524692, -8.6344234 41.1524621)",,,,,
5297703224,335691896,0,"[1030031001, 1316240063]",False,4,Rua do Campo Alegre,secondary,True,32.71,"LINESTRING (-8.633479 41.1525859, -8.6333006 41.1526078, -8.6331975 41.1526205, -8.6330929 41.1526306)",,,,,
138205498,5291598235,0,"[547657336, 547657337, 212710703]",True,2,Rua de Faria Guimarães,secondary,False,443.72200000000004,"LINESTRING (-8.6064353 41.1662568, -8.606457 41.1665906, -8.6064282 41.1680025, -8.6064181 41.1686829, -8.6064088 41.1688454, -8.6063793 41.1689666, -8.6063105 41.1691216, -8.6061982 41.1692826, -8.6060184 41.1695111, -8.6057751 41.1698071, -8.6055501 41.1700774)",,,yes,,
445439290,411504977,0,35078501,False,2,Rua do Doutor Manuel Laranjeira,tertiary,False,44.38,"LINESTRING (-8.5995415 41.1743141, -8.5996732 41.1745412, -8.5997536 41.1746799)",,,,,
335562043,1252543225,0,109406984,True,,,living_street,False,79.399,"LINESTRING (-8.6256849 41.1546666, -8.6261637 41.1545609, -8.6265399 41.1543758)",20,,,,
128560446,474793789,0,212710702,False,2,Rua do Vale Formoso,secondary,False,58.635999999999996,"LINESTRING (-8.6117522 41.167014, -8.6117195 41.1669283, -8.6115648 41.1665059)",,,,,
473879871,128560274,0,13797599,False,2,Rua de Antero de Quental,secondary,False,68.743,"LINESTRING (-8.6120698 41.158661, -8.6120997 41.1585674, -8.6122278 41.1581465, -8.6122531 41.1580584)",,,,,
128560448,8091600965,0,30912883,True,1,Rua de Antero de Quental,tertiary,False,52.656,"LINESTRING (-8.6109795 41.1649768, -8.6109461 41.1651327, -8.6109317 41.1653759, -8.6109324 41.1654481)",,,,,
411504965,2168903806,0,35078498,True,2,Rua do Doutor Manuel Laranjeira,tertiary,False,41.315,"LINESTRING (-8.5972921 41.1700292, -8.597329 41.1697912, -8.5973632 41.1696618)",,,,,
411504965,411835470,0,"[206843931, 35078502, 958152519]",False,2,Rua do Doutor Manuel Laranjeira,tertiary,False,236.284,"LINESTRING (-8.5972921 41.1700292, -8.5975577 41.1707987, -8.5975794 41.1708617, -8.5976901 41.1711824, -8.5977127 41.1712477, -8.5980474 41.1718124, -8.598181 41.1720387)",,,yes,,
411504967,411504968,0,1167578691,True,2,Largo da Igreja de Paranhos,secondary,False,24.88,,,,,,
411504967,2084090872,0,705505995,False,2,Rua Doutor Manuel Pereira da Silva,secondary,True,58.297,"LINESTRING (-8.6052572 41.1737054, -8.6048937 41.1736654, -8.6045648 41.1736749)",,,,,
4455723336,9401053197,0,440117023,True,1,Rua Doutor António Bernardino de Almeida,secondary,False,21.953000000000003,"LINESTRING (-8.6076941 41.1771014, -8.6078333 41.1770585, -8.6078866 41.1770421, -8.6079369 41.1770267)",,,,,
411504969,411506246,0,1167578693,False,3,Rua da Igreja de Paranhos,secondary,True,58.911,,50,,,,
411504968,4087312908,0,406682433,True,1,Largo da Igreja de Paranhos,secondary,False,26.033,"LINESTRING (-8.6055495 41.1737461, -8.6056257 41.1737355, -8.6057055 41.1737202, -8.6058348 41.1736612)",,,,,
4455723345,3694392908,0,35475028,False,2,Rua da Natária,tertiary,False,46.309,,,,,,
4455723345,343646734,0,35475028,False,2,Rua da Natária,tertiary,True,91.997,"LINESTRING (-8.624203 41.1672949, -8.6234468 41.1674775, -8.6233534 41.1674997, -8.6232561 41.1675226, -8.6231535 41.1675394)",,,,,
411504977,9049275537,0,"[35145521, 1174863221]",False,3,Rua do Doutor Roberto Frias,secondary,False,118.58300000000001,"LINESTRING (-8.5997536 41.1746799, -8.5998329 41.1748119, -8.5999386 41.1750034, -8.6000191 41.1751417, -8.6000451 41.1751947, -8.6000901 41.1752896, -8.6001245 41.1753856, -8.6001652 41.1755369, -8.6001867 41.1756882)",,,,,
411504977,432578817,0,461925689,False,,Rua do Actor Ferreira da Silva,residential,True,65.893,"LINESTRING (-8.5997536 41.1746799, -8.5996026 41.174692, -8.5989768 41.1747749)",,,,,
411504977,420777494,0,"[35078500, 1174863220]",False,"['2', '3']",Rua Doutor Manuel Pereira da Silva,secondary,False,124.48500000000001,"LINESTRING (-8.5997536 41.1746799, -8.5998871 41.1745908, -8.6003397 41.174264, -8.6007561 41.1739634, -8.6008383 41.1739145)",,,,,
2486710615,128566335,0,448867800,False,3,Praça de Nove de Abril,secondary,False,106.03399999999999,"LINESTRING (-8.6128275 41.1727662, -8.6127763 41.1726291, -8.6127021 41.1724406, -8.612682 41.1722618, -8.612725 41.1719342, -8.6127436 41.1718292)",,,,,
411504984,420777494,0,35078500,False,2,Rua Doutor Manuel Pereira da Silva,secondary,True,38.42999999999999,"LINESTRING (-8.6012643 41.1737938, -8.6011677 41.1738077, -8.6010496 41.1738346, -8.6009979 41.1738485, -8.6009155 41.1738773, -8.6008383 41.1739145)",,,,,
411504984,412249442,0,"[1208344474, 705505996, 1245335823]",False,2,Rua Doutor Manuel Pereira da Silva,secondary,False,209.974,"LINESTRING (-8.6012643 41.1737938, -8.6012726 41.1737928, -8.6013086 41.173789, -8.6013471 41.1737862, -8.6013863 41.1737839, -8.6014639 41.1737802, -8.6015026 41.1737786, -8.6015419 41.1737773, -8.6015808 41.1737758, -8.6016198 41.1737743, -8.6021695 41.1737572, -8.6023474 41.1737514, -8.6034975 41.1737112, -8.6035805 41.1737092, -8.6037698 41.1737032)",,,,,
129549662,5291538854,0,547650634,True,1,Rua do Paraíso,residential,False,77.34599999999999,"LINESTRING (-8.6118744 41.1566031, -8.6118382 41.1567142, -8.6118047 41.1567788, -8.6117933 41.156799, -8.6117765 41.1568192, -8.6117436 41.1568469, -8.6117027 41.1568727, -8.611574 41.1569323, -8.6114385 41.1569959, -8.6113398 41.1570464, -8.6112673 41.1570815)",,,,,
475052386,25632361,0,"[1172502989, 30405423]",True,2,Rua da Torrinha,residential,False,181.883,"LINESTRING (-8.6229114 41.152802, -8.6216068 41.1526952, -8.6209227 41.1526347, -8.6207549 41.1526088)",,,,4,
412249442,2084090872,0,705505995,False,2,Rua Doutor Manuel Pereira da Silva,secondary,False,66.615,,,,,,
412249442,411504984,0,"[1208344474, 705505996, 1245335823]",False,2,Rua Doutor Manuel Pereira da Silva,secondary,True,209.97400000000002,"LINESTRING (-8.6037698 41.1737032, -8.6035805 41.1737092, -8.6034975 41.1737112, -8.6023474 41.1737514, -8.6021695 41.1737572, -8.6016198 41.1737743, -8.6015808 41.1737758, -8.6015419 41.1737773, -8.6015026 41.1737786, -8.6014639 41.1737802, -8.6013863 41.1737839, -8.6013471 41.1737862, -8.6013086 41.173789, -8.6012726 41.1737928, -8.6012643 41.1737938)",,,,,
1548554599,412246602,0,455315148,False,2,Rua da Asprela,residential,False,189.388,"LINESTRING (-8.6059768 41.1759212, -8.6058991 41.1759271, -8.6054983 41.176086, -8.6054008 41.1761143, -8.6053367 41.1761328, -8.6053075 41.1761413, -8.6051739 41.1761535, -8.6050719 41.1761628, -8.6050119 41.1761646, -8.6048954 41.1761682, -8.6048665 41.1761691, -8.6045828 41.1761778, -8.6042964 41.1761866, -8.6041433 41.1761914, -8.6041305 41.1761979, -8.6041086 41.1762091, -8.6040894 41.1762311, -8.604074 41.176256, -8.6040682 41.1762852, -8.6040545 41.1763112, -8.6040332 41.1763315, -8.6040137 41.1763443, -8.603995 41.1763566, -8.6039188 41.1763862)",,,,,
2689538408,474728387,0,39607956,False,,Rua de São Dinis,tertiary,False,30.025,,,,,,
411504999,432578813,0,958152521,False,,Rua do Doutor Manuel Laranjeira,tertiary,False,48.204,"LINESTRING (-8.5989726 41.1733741, -8.5991187 41.1736181, -8.5992093 41.1737693)",,,,,
432578922,432578831,0,37141982,False,,,residential,True,369.559,"LINESTRING (-8.5959338 41.1724091, -8.595894 41.1724197, -8.5958461 41.1724456, -8.5957971 41.1724933, -8.5957461 41.1725471, -8.5952904 41.1731596, -8.595182 41.1733132, -8.5949944 41.1737279, -8.5948228 41.1740779, -8.5946236 41.1743771, -8.5945616 41.1744782, -8.5945157 41.1745833, -8.5943094 41.1750868, -8.5941911 41.1754256)",,,,,
432578922,411835384,0,461925689,False,,Rua do Actor Ferreira da Silva,residential,False,50.74200000000001,"LINESTRING (-8.5959338 41.1724091, -8.5959874 41.1724093, -8.596037 41.1724217, -8.5963548 41.1725719, -8.5963846 41.1725883, -8.5964557 41.1726276)",,,,,
4381093226,444011313,0,"[1019264549, 1019264550]",True,2,,secondary,False,11.629,"LINESTRING (-8.6080362 41.1770197, -8.608075 41.1769993, -8.6080881 41.1769854, -8.6081024 41.1769703, -8.608115 41.1769383)",,roundabout,,,
126592365,1788788654,0,212706763,True,2,Rua da Prelada,secondary,False,71.308,"LINESTRING (-8.626429 41.1667835, -8.6263321 41.1667715, -8.6261851 41.1667763, -8.6261407 41.1667873, -8.6259142 41.1668432, -8.6258725 41.1668535, -8.6256914 41.1669202, -8.6256232 41.1669453)",,,,,
126592365,10876563845,0,212710686,True,1,Rua de Pedro Hispano,tertiary,False,37.025999999999996,"LINESTRING (-8.626429 41.1667835, -8.6265216 41.1667052, -8.6266048 41.1666486, -8.6267656 41.1665711)",,,,,
1788787056,5284368076,0,211342286,True,,Praça da República,tertiary,False,34.669000000000004,"LINESTRING (-8.6120012 41.154924, -8.6119945 41.1550216, -8.6119771 41.1551231, -8.6119399 41.1551879, -8.6119092 41.1552219)",,,,,
4381093236,4381093242,0,440389516,True,1,Rua Doutor António Bernardino de Almeida,secondary,False,22.296,"LINESTRING (-8.6080705 41.1768476, -8.608053 41.1767954, -8.6080369 41.1767157, -8.6080198 41.1766509)",,,,,
1216789877,126604789,0,"[1174193045, 425318823]",False,"['2', '3']",Rua de Nossa Senhora de Fátima,tertiary,False,169.883,"LINESTRING (-8.6227567 41.1603937, -8.6240986 41.160033, -8.6245613 41.1598987, -8.6246623 41.1598688)",,,,,
1216789877,2455291504,0,706644343,True,,Rua de Nossa Senhora de Fátima,tertiary,False,46.376,"LINESTRING (-8.6227567 41.1603937, -8.6226497 41.160409, -8.6225963 41.1604173, -8.622549 41.1604268, -8.6225154 41.1604285, -8.6224726 41.1604274, -8.6223403 41.1604088, -8.6222135 41.1603856)",,,,,
479183225,311889376,0,224646232,False,3,Rua do Campo Alegre,secondary,True,136.41199999999998,"LINESTRING (-8.641801 41.1538865, -8.640814 41.1536068, -8.640383 41.1535, -8.6402681 41.1534715)",,,,,
4381093242,4573598284,0,"[141476900, 536710725]",False,2,Rua Doutor António Bernardino de Almeida,secondary,False,72.774,"LINESTRING (-8.6080198 41.1766509, -8.6080338 41.1766115, -8.6080585 41.1765418, -8.6082411 41.1760442, -8.6082501 41.1760198)",50,,,,
1216789883,473879871,0,13797599,False,2,Rua de Antero de Quental,secondary,False,42.246,,,,,,
1418798461,1418798464,0,482264025,True,1,,secondary_link,False,32.349999999999994,"LINESTRING (-8.6324716 41.1524179, -8.6324215 41.1524723, -8.6323934 41.1525296, -8.632357 41.1525724, -8.6323002 41.1525997, -8.6322194 41.1526121)",,,,,
1418798464,1788786316,0,128363661,True,1,Rua do Campo Alegre,secondary,False,72.9,"LINESTRING (-8.6322194 41.1526121, -8.6315066 41.1525803, -8.6313575 41.1526165)",,,,,
10876563844,126592365,0,841248734,True,2,Avenida da França,secondary,False,39.906,"LINESTRING (-8.626589 41.166446, -8.626467 41.1666764, -8.626429 41.1667835)",,,,,
10876563845,1216466439,0,212710704,True,2,Rua de Pedro Hispano,tertiary,False,83.009,"LINESTRING (-8.6267656 41.1665711, -8.6275152 41.1663468, -8.6276843 41.1662903)",,,,,
1418798469,335691896,0,292119381,True,2,Rua do Campo Alegre,secondary,False,24.248,,,,,,
1216789894,1216789883,0,13797599,False,2,Rua de Antero de Quental,secondary,False,59.602000000000004,"LINESTRING (-8.6118316 41.1595592, -8.6119495 41.1591026, -8.6119679 41.1590331)",,,,,
1418798472,3092543648,0,304680072,True,1,Rua Gonçalo Sampaio,secondary,False,79.967,"LINESTRING (-8.6322712 41.1528936, -8.6322538 41.1532697, -8.6321804 41.1534658, -8.6322 41.1536041)",,,,,
1788787081,1788787223,0,1028861122,True,2,Rua da Boavista,secondary,False,356.717,"LINESTRING (-8.613537 41.1553245, -8.6162647 41.1557746, -8.6172602 41.1559409, -8.6174328 41.1559695, -8.6176976 41.1560159)",,,,10,
428216714,311889366,0,28996911,True,2,Rua Guerra Junqueiro,tertiary,False,71.944,"LINESTRING (-8.6372278 41.1562186, -8.6369542 41.156765, -8.6369246 41.156824)",,,,,
4468690315,90378707,0,189908446,True,3,Praça Mouzinho de Albuquerque,primary,False,68.101,"LINESTRING (-8.6281333 41.1585079, -8.6282252 41.1585922, -8.628362 41.1586911, -8.6285745 41.1587931, -8.6287334 41.1588461, -8.6287846 41.1588568)",,roundabout,,,
5284452753,2572799251,0,167487416,True,,,primary_link,False,9.276,"LINESTRING (-8.633282 41.1585628, -8.6332673 41.1586055, -8.633255 41.1586437)",,,,,
4468690328,90378713,0,"[1164709462, 608418574]",True,3,Praça Mouzinho de Albuquerque,primary,False,75.613,"LINESTRING (-8.6301439 41.1573337, -8.6300725 41.1572684, -8.6300233 41.1572296, -8.6299939 41.1572092, -8.6298176 41.1571061, -8.6297084 41.1570544, -8.6296186 41.1570241, -8.6295931 41.157015, -8.6294959 41.1569933, -8.6293986 41.1569781)",,roundabout,,,
5291598235,5291598250,0,547657333,True,2,Rua de Faria Guimarães,secondary,False,119.32,"LINESTRING (-8.6055501 41.1700774, -8.6053097 41.1703785, -8.6049556 41.1708287, -8.6048199 41.170999)",,,,,
122439068,1216466461,0,608418840,True,2,Avenida da França,secondary,False,133.915,"LINESTRING (-8.6270836 41.1647122, -8.6270437 41.1648399, -8.6270194 41.1649227, -8.6269691 41.1650903, -8.6267719 41.1657348, -8.6267246 41.1658858)",,,,,
5291598240,128588858,0,"[480140401, 1197158158, 547657335]",True,1,Rua de Faria Guimarães,"['secondary_link', 'secondary']",False,103.869,"LINESTRING (-8.6042647 41.1717002, -8.604214 41.1717635, -8.6041711 41.1718302, -8.6041469 41.1719079, -8.6041349 41.1719876, -8.6041362 41.1720583, -8.6041416 41.1721461, -8.6041561 41.1722016, -8.6041948 41.1723099, -8.6042659 41.1724391, -8.6043711 41.1725769)",,,yes,,
5291538854,129548927,0,452076898,True,2,Rua do Paraíso,residential,False,109.16799999999999,"LINESTRING (-8.6112673 41.1570815, -8.611051 41.1571044, -8.6100497 41.1572448, -8.6099838 41.157254)",,,,4,
444017063,444017065,0,34628257,False,,Rua de Augusto Lessa,tertiary,False,30.015,,,,,,
430006697,412246600,0,26248559,True,2,Rua Doutor António Bernardino de Almeida,secondary,False,212.541,"LINESTRING (-8.6051506 41.1802304, -8.6052271 41.1800746, -8.6054628 41.179595, -8.605655 41.1792787, -8.6058082 41.1790825, -8.6060556 41.1788155, -8.6061012 41.1787655, -8.6061162 41.1787504, -8.6061659 41.1787024, -8.6063233 41.1785504)",50,,,,
444017065,444017068,0,34628257,False,,Rua de Augusto Lessa,tertiary,False,34.397,,,,,,
1788787115,1788787081,0,167487492,True,,Rua da Lapa,secondary,False,30.255,"LINESTRING (-8.613285 41.1555082, -8.6133237 41.1554512, -8.6133478 41.1554248, -8.613361 41.155414, -8.6133941 41.155387, -8.6134501 41.1553586, -8.613537 41.1553245)",,,,,
444017068,2168903806,0,"[34628257, 1172588826]",False,3,Rua de Augusto Lessa,tertiary,False,84.80199999999999,"LINESTRING (-8.598374 41.1697127, -8.5979075 41.1696854, -8.59742 41.1696642, -8.5973632 41.1696618)",,,,,
5291598250,5291598240,0,"[547657333, 547657334]",True,2,Rua de Faria Guimarães,secondary,False,90.769,"LINESTRING (-8.6048199 41.170999, -8.6047934 41.1710316, -8.6043414 41.171602, -8.6042647 41.1717002)",,,yes,,
1216466345,4703906251,0,724454821,True,,Largo da Ramada Alta,tertiary,False,42.73,"LINESTRING (-8.6213246 41.1604789, -8.6217192 41.1604608, -8.6217422 41.1604512, -8.6217673 41.16044, -8.6217799 41.1604303, -8.6217927 41.1604178, -8.6218024 41.1604041)",50,,,,
444017071,444017063,0,34628257,False,,Rua de Augusto Lessa,tertiary,False,34.104,,,,,,
474541483,12374109905,0,1017147074,False,2,Rua de Serpa Pinto,tertiary,False,16.101,,50,,,,
474541483,474552495,0,1017147074,False,2,Rua de Serpa Pinto,tertiary,True,46.476,,50,,,,
416011692,10913198202,0,741767470,False,2,Rua de Monsanto,tertiary,True,27.999,"LINESTRING (-8.6216055 41.1698496, -8.6216197 41.169816, -8.6217067 41.1696096)",,,,,
5284452787,5284452803,0,1175977169,True,1,Rua de Pedro Hispano,secondary_link,False,9.099,,,,,,
3554953651,444011318,0,37856053,False,2,Rua do Arquitecto Lobão Vital,residential,False,5.522,,,,,,
474789304,2689538408,0,1187724077,False,,Rua de São Dinis,tertiary,False,72.185,"LINESTRING (-8.6214164 41.1674924, -8.6213684 41.1674938, -8.6205557 41.1675325)",,,,,
343646649,138205498,0,914265958,True,3,Rua de Faria Guimarães,secondary,False,94.624,,,,,,
1419645372,1419645378,0,128463453,True,,Travessa da Carvalhosa,living_street,False,107.871,"LINESTRING (-8.6205918 41.1548093, -8.6205782 41.1549131, -8.6196904 41.1552782, -8.6195651 41.1553223)",,,,,
122452414,122452417,0,13265074,True,3,Rua da Constituição,secondary,False,117.685,"LINESTRING (-8.60031 41.1613654, -8.6008713 41.1614355, -8.6016446 41.161531, -8.6016969 41.1615383)",,,,,
122452417,126634476,0,"[1165311280, 13265074]",True,3,Rua da Constituição,secondary,False,196.873,"LINESTRING (-8.6016969 41.1615383, -8.6028354 41.1616848, -8.6038016 41.1618057, -8.6040169 41.1618277)",,,,,
1419645378,137982795,0,34627575,True,3,Rua Sacadura Cabral,secondary,False,42.734,"LINESTRING (-8.6195651 41.1553223, -8.6192058 41.1552585, -8.6190683 41.1552341)",,,,4,
5284452803,5284452808,0,546881517,True,2,Rua de Pedro Hispano,secondary_link,False,29.273,"LINESTRING (-8.6414385 41.1602816, -8.6414879 41.1601026, -8.6415 41.1600534, -8.6415073 41.1600235)",,,,,
343646659,122452424,0,453762948,True,2,Rua da Constituição,secondary,False,133.636,,,,,,
128673221,1110673556,0,"[200072875, 482296563]",False,"['3', '4']",Praça da Galiza,secondary,True,85.99199999999999,"LINESTRING (-8.6271726 41.1523893, -8.627035 41.1524076, -8.6267246 41.1524928, -8.6264362 41.1525794, -8.626292 41.1526208, -8.6262541 41.1526317, -8.626206 41.1526457)",,,,,
128673221,128673222,0,"[1174689832, 207634523]",False,"['4', '3']",Rua do Campo Alegre,secondary,False,131.856,"LINESTRING (-8.6271726 41.1523893, -8.6273368 41.1524001, -8.6274654 41.1524074, -8.6282056 41.1524482, -8.6285185 41.1524656, -8.6285788 41.1524689, -8.628743 41.1524782)",,,,,
128673222,128673221,0,"[1174689832, 207634523]",False,"['3', '4']",Rua do Campo Alegre,secondary,True,131.856,"LINESTRING (-8.628743 41.1524782, -8.6285788 41.1524689, -8.6285185 41.1524656, -8.6282056 41.1524482, -8.6274654 41.1524074, -8.6273368 41.1524001, -8.6271726 41.1523893)",,,,,
128673222,128673223,0,"[1174567450, 482261339, 482261338]",False,4,Rua do Campo Alegre,secondary,False,157.39,"LINESTRING (-8.628743 41.1524782, -8.6289655 41.1524906, -8.629459 41.1525195, -8.6296472 41.1525286, -8.6301016 41.152554, -8.6304161 41.1525722, -8.6304738 41.1525754, -8.6306176 41.1525836)",,,,,
128673223,478863293,0,39895287,True,1,Rua Professor Abel Salazar,residential,False,106.00699999999999,"LINESTRING (-8.6306176 41.1525836, -8.6306138 41.1524836, -8.6305572 41.1516947, -8.6305498 41.1516317)",,,,,
128673223,128673222,0,"[482261339, 482261338, 1174567450]",False,4,Rua do Campo Alegre,secondary,True,157.39,"LINESTRING (-8.6306176 41.1525836, -8.6304738 41.1525754, -8.6304161 41.1525722, -8.6301016 41.152554, -8.6296472 41.1525286, -8.629459 41.1525195, -8.6289655 41.1524906, -8.628743 41.1524782)",,,,,
5284452808,5284452939,0,978103353,True,,Rua de Pedro Hispano,secondary_link,False,12.042000000000002,"LINESTRING (-8.6415073 41.1600235, -8.6415124 41.1599809, -8.6415007 41.1599556, -8.6414663 41.1599268)",,,,,
4703906249,473859815,0,706644343,True,,Rua de Nossa Senhora de Fátima,tertiary,False,15.021,,,,,,
122452425,126617430,0,31396393,True,2,Rua de São Brás,secondary,False,115.039,"LINESTRING (-8.6092234 41.1624758, -8.6093785 41.1620631, -8.6095556 41.1615864, -8.6095946 41.1614797)",,,,,
122452424,122452425,0,"[1019264544, 1083211595]",True,"['2', '3']",Rua da Constituição,secondary,False,200.94099999999997,"LINESTRING (-8.6068578 41.1621694, -8.6083527 41.162363, -8.6092234 41.1624758)",,,,,
4703906251,4612052778,0,580264834,True,,Rua de Nossa Senhora de Fátima,tertiary,False,8.557,,,,,,
122452427,2958410861,0,1016548268,False,2,Rua de Antero de Quental,secondary,True,204.707,"LINESTRING (-8.6111351 41.1627093, -8.6111136 41.1628084, -8.611091 41.1629185, -8.6110755 41.1630201, -8.6110571 41.1632228, -8.6110388 41.163436, -8.6110233 41.1638334, -8.6110203 41.1639105, -8.610992 41.164431, -8.6109892 41.1645454)",,,,,
3554953676,3554953679,0,349643887,True,,Rua Doutor Plácido da Costa,tertiary,False,23.813000000000002,"LINESTRING (-8.5990345 41.1783359, -8.5990898 41.178435, -8.5991763 41.1785195)",,,,,
3554953679,430006697,0,36979228,True,2,Rua Doutor Plácido da Costa,tertiary,False,534.9990000000001,"LINESTRING (-8.5991763 41.1785195, -8.5995405 41.1786298, -8.6000277 41.1787773, -8.6002653 41.1788492, -8.6011317 41.1790929, -8.6012828 41.1791371, -8.6030978 41.1796526, -8.6043216 41.1799983, -8.6043502 41.1800082, -8.6044853 41.1800466, -8.6048478 41.1801466, -8.6049018 41.1801621, -8.6049463 41.1801743, -8.605022 41.1801952, -8.6050598 41.1802052, -8.6051506 41.1802304)",,,,,
1594649037,297880533,0,27149317,False,,Rua do Gólgota,living_street,True,66.525,"LINESTRING (-8.6340611 41.1493713, -8.6341169 41.1493675, -8.6342078 41.1493655, -8.6342964 41.1493804, -8.6343453 41.1493931, -8.6343896 41.1494128, -8.6345289 41.1495115, -8.6346478 41.1496279, -8.6346622 41.1496421, -8.6346888 41.1496681)",,,,,
311889356,311889583,0,1016573833,True,2,Rua de António Cardoso,tertiary,False,73.952,"LINESTRING (-8.6411909 41.1579384, -8.6412607 41.1577116, -8.6413731 41.1573462, -8.6413903 41.1572905)",,,,,
122452434,126600959,0,"[453762946, 453762947]",False,"['3', '4']",Rua de Serpa Pinto,tertiary,False,131.26999999999998,"LINESTRING (-8.6207018 41.1639052, -8.6207181 41.1637891, -8.6207882 41.1632888, -8.6208219 41.1630351, -8.6208599 41.1627307)",50,,,,
90378707,2094769995,0,608418578,True,3,Praça Mouzinho de Albuquerque,primary,False,23.392,"LINESTRING (-8.6287846 41.1588568, -8.6289509 41.1588771, -8.629061 41.1588874)",,roundabout,,,
4526688723,343646749,0,617765086,True,1,Rua de Monsanto,tertiary,False,32.578,,,,,,
2490198483,128578706,0,"[13798545, 480140398]",True,1,Rua da Igreja de Paranhos,tertiary,False,34.922000000000004,"LINESTRING (-8.6055323 41.1717155, -8.6056487 41.1715763, -8.6057112 41.1714919, -8.6057483 41.1714469)",,,yes,,
5284320721,343646659,0,453762948,True,2,Rua da Constituição,secondary,False,81.72900000000001,"LINESTRING (-8.6043183 41.1618595, -8.6043953 41.1618686, -8.6044694 41.1618776, -8.6052826 41.1619744)",,,,,
311889366,428214907,0,1016573832,True,2,Rua Guerra Junqueiro,tertiary,False,130.736,"LINESTRING (-8.6369246 41.156824, -8.6366935 41.1572951, -8.6364181 41.1578564, -8.6363835 41.1579269)",,,,,
90378713,129795158,0,"[434882592, 13848825]",True,"['2', '1']","['Rua Caldas Xavier', 'Praça do Bom Sucesso']",secondary,False,101.547,"LINESTRING (-8.6293986 41.1569781, -8.6294432 41.1568015, -8.6294513 41.1567701, -8.6295052 41.1565595, -8.6295273 41.1564902, -8.6296263 41.1561495, -8.6296436 41.1560838)",,,,,
4888395226,343646741,0,"[30912892, 1209420439]",True,1,Rua de Monsanto,residential,False,168.619,"LINESTRING (-8.6218404 41.1692652, -8.621851 41.1692262, -8.6218603 41.1691921, -8.6218722 41.1691652, -8.6219358 41.1690033, -8.6220028 41.1688939, -8.6220721 41.1688128, -8.6221358 41.1687382, -8.6221973 41.1686673, -8.6222434 41.1685986, -8.6222746 41.1685327, -8.6222863 41.1684951, -8.6222981 41.1684552, -8.6223131 41.1683867, -8.6223157 41.1683182, -8.6223103 41.1679566, -8.6223014 41.1678284)",,,,,
343646683,343646684,0,30912870,False,,Rua de Aval de Baixo,residential,False,142.636,,,,,,
343646684,343634635,0,30912873,False,,Rua de Óscar da Silva,residential,False,81.065,"LINESTRING (-8.5981991 41.167062, -8.5981046 41.1670315, -8.5972933 41.1668043)",,,,,
90378716,12106031777,0,608418576,True,3,Praça Mouzinho de Albuquerque,primary,False,47.541999999999994,"LINESTRING (-8.6279429 41.1578854, -8.6279301 41.1579662, -8.6279328 41.1580636, -8.6279409 41.158157, -8.6279751 41.15826, -8.6279844 41.1582787, -8.6279982 41.1583058)",,roundabout,,,
311889375,428214905,0,28996911,True,2,Rua Guerra Junqueiro,tertiary,False,149.137,"LINESTRING (-8.6387697 41.153116, -8.6387355 41.1531863, -8.6381954 41.1542944, -8.638156 41.1543751)",,,,,
311889375,479183608,0,1016392202,False,3,Rua do Campo Alegre,secondary,True,108.146,"LINESTRING (-8.6387697 41.153116, -8.6385893 41.1530728, -8.6385465 41.1530634, -8.6381943 41.1529858, -8.6376612 41.1528629, -8.6375345 41.1528317)",,,,,
137994720,137992807,0,"[38336633, 1172585706]",True,"['2', '3']",Rua de Faria Guimarães,secondary,False,132.228,"LINESTRING (-8.6083976 41.1589843, -8.6080523 41.1597705, -8.6079289 41.1600482, -8.6079034 41.1601137)",,,,,
343646689,316511864,0,212710696,False,2,Rua do Campo Lindo,tertiary,False,14.304,,,,,,
343646689,435468987,0,212710696,False,2,Rua do Campo Lindo,tertiary,True,148.764,,,,,,
343646688,343646697,0,30912876,False,2,Praça de Nove de Abril,residential,False,93.41999999999999,"LINESTRING (-8.6112781 41.1709494, -8.6112594 41.1710905, -8.6111848 41.1716541, -8.6111674 41.1717854)",,,,,
311889376,311889375,0,224646232,False,3,Rua do Campo Alegre,secondary,True,131.534,"LINESTRING (-8.6402681 41.1534715, -8.6401584 41.1534455, -8.6387697 41.153116)",,,,,
343646697,2486710547,0,30912876,False,2,Praça de Nove de Abril,residential,False,95.208,"LINESTRING (-8.6111674 41.1717854, -8.6110861 41.1725806, -8.6110801 41.1726391)",,,,,
2244990442,3092543648,0,"[482263508, 224637998]",False,3,Rua Gonçalo Sampaio,secondary,False,55.571,"LINESTRING (-8.6318156 41.1540073, -8.6318622 41.1539742, -8.6319742 41.1538791, -8.6320578 41.1537974, -8.6321425 41.1536944, -8.6322 41.1536041)",,,,,
2244990442,129800102,0,"[482263508, 1188369999]",False,"['2', '3']",Rua Gonçalo Sampaio,secondary,True,90.803,"LINESTRING (-8.6318156 41.1540073, -8.6317101 41.1540853, -8.6313664 41.1543298, -8.6310274 41.1545682)",,,,,
126634476,299611700,0,1016548267,True,3,Praça do Marquês de Pombal,secondary,False,6.294,,,,,,
129795568,137817763,0,14326258,True,2,Praça do Bom Sucesso,tertiary,False,56.621,"LINESTRING (-8.6295076 41.1554844, -8.6293149 41.1553556, -8.6291949 41.1552753, -8.6290019 41.1551463)",,,,,
343646709,435468997,0,30912883,True,1,Rua de Antero de Quental,tertiary,False,89.93299999999999,"LINESTRING (-8.6108886 41.1667825, -8.6108401 41.1675081, -8.610833 41.1675902)",,,,,
126604789,12106031784,0,"[1174193044, 13715172]",False,3,Rua de Nossa Senhora de Fátima,tertiary,False,313.36199999999997,"LINESTRING (-8.6246623 41.1598688, -8.624808 41.1598154, -8.6252412 41.1596317, -8.6267356 41.1589808, -8.6272472 41.1587624, -8.6278046 41.1585153, -8.6278658 41.1584882, -8.6278968 41.1584751, -8.6279107 41.1584693)",50,,,,
126604789,1216789877,0,"[1174193045, 425318823]",False,"['2', '3']",Rua de Nossa Senhora de Fátima,tertiary,True,169.883,"LINESTRING (-8.6246623 41.1598688, -8.6245613 41.1598987, -8.6240986 41.160033, -8.6227567 41.1603937)",,,,,
122434048,122432561,0,13262869,True,2,Rua de Pedro Hispano,secondary,False,15.789,,,,,,
4526688769,4526688774,0,456405101,True,,Rua de Júlio Ramos,residential,False,33.524,"LINESTRING (-8.6066215 41.1698679, -8.6064917 41.1698468, -8.6063744 41.1698174, -8.606241 41.1697764)",,,,,
11108276739,416007715,0,30912874,True,,Rua da Igreja de Paranhos,tertiary,False,54.293,,,,,,
4526688774,418191593,0,35541722,False,,Rua de São Veríssimo,tertiary,False,46.449,"LINESTRING (-8.606241 41.1697764, -8.6061807 41.1697416, -8.6060889 41.1697025, -8.6059279 41.1696497, -8.6058344 41.1696447, -8.6057303 41.1696451)",,,,,
1216466439,1837918508,0,212710688,False,2,Rua de Pedro Hispano,tertiary,True,216.99099999999999,"LINESTRING (-8.6276843 41.1662903, -8.6286767 41.1659824, -8.6299878 41.1654052)",,,,,
4087312908,128597080,0,1167578694,False,3,Rua da Igreja de Paranhos,secondary,False,5.711,,,,,,
4087312908,411504969,0,34774629,False,3,Rua da Igreja de Paranhos,secondary,True,20.724,"LINESTRING (-8.6058348 41.1736612, -8.6058524 41.1737319, -8.6058855 41.1738436)",,,,,
12148105741,126597726,0,209436196,True,2,Rua Domingos Sequeira,secondary,False,37.937,"LINESTRING (-8.6294737 41.1634261, -8.6293401 41.1634927, -8.6292266 41.1635506, -8.62909 41.1636071)",,,,,
343646734,4455723345,0,35475028,False,2,Rua da Natária,tertiary,False,91.997,"LINESTRING (-8.6231535 41.1675394, -8.6232561 41.1675226, -8.6233534 41.1674997, -8.6234468 41.1674775, -8.624203 41.1672949)",,,,,
343646734,474789304,0,741767469,False,,Rua de São Dinis,tertiary,False,146.754,"LINESTRING (-8.6231535 41.1675394, -8.6230796 41.1675369, -8.6230031 41.1675243, -8.6228039 41.1674724, -8.6226607 41.1674727, -8.6221444 41.1675019, -8.6219794 41.1675109, -8.6218681 41.1675098, -8.6217777 41.1675052, -8.621585 41.1674947, -8.6214164 41.1674924)",20,,,,
343646735,3694392908,0,35475028,False,2,Rua da Natária,tertiary,True,39.259,"LINESTRING (-8.625176 41.167059, -8.6250381 41.1670928, -8.62473 41.1671682)",,,,,
343646735,1788788654,0,193149514,False,3,Praça do Exército Libertador,secondary,True,39.511,"LINESTRING (-8.625176 41.167059, -8.6253926 41.1670039, -8.6254201 41.1669969, -8.6256232 41.1669453)",,,,,
4526688784,4526688769,0,30912880,True,,Rua de Júlio Ramos,residential,False,13.41,,,,,,
343646736,343646753,0,"[1174461329, 1174461330]",False,"['2', '3']",Rua de Monsanto,tertiary,True,81.724,"LINESTRING (-8.6194552 41.1712335, -8.6195756 41.1711646, -8.6196666 41.1710979, -8.6197473 41.1710344, -8.6199979 41.1708631, -8.6201887 41.17075)",,,,,
343646737,343646751,0,263330573,False,2,Rua Nove de Abril,residential,False,21.624,,,,,,
475328017,474697403,0,704509573,True,2,Rua da Constituição,secondary,False,31.924,,,,,,
1143317012,478863896,0,39895290,True,,Travessa da Pena,living_street,False,101.109,"LINESTRING (-8.6302796 41.1516055, -8.6302706 41.1515382, -8.6302898 41.1513306, -8.6302787 41.1512632, -8.6303407 41.1510739, -8.6303734 41.15101, -8.6304184 41.1509218, -8.630476 41.1508014, -8.6304881 41.1507222)",,,,,
343646740,343646734,0,448568810,True,,Rua de Freire de Andrade,residential,False,21.297,"LINESTRING (-8.6230997 41.1677266, -8.6231068 41.1677019, -8.6231345 41.1676057, -8.6231424 41.1675764, -8.6231535 41.1675394)",,,,,
343646742,343646757,0,914265946,False,,Rua Nove de Abril,residential,False,110.036,,,,,,
1788787223,2250873416,0,1028861122,True,2,Rua da Boavista,secondary,False,19.502,"LINESTRING (-8.6176976 41.1560159, -8.6178759 41.1560477, -8.617925 41.1560535)",,,,10,
343646741,343646740,0,1174464896,True,,Rua Nove de Abril,residential,False,68.384,"LINESTRING (-8.6223014 41.1678284, -8.6223709 41.1678003, -8.6224009 41.1677885, -8.6224312 41.1677848, -8.6227218 41.1677491, -8.6230997 41.1677266)",,,,,
478863896,1594649037,0,"[128362570, 39895274, 481849357, 480494958, 481849358]",False,,"['Rua da Pena', 'Rua da Boa Viagem', 'Travessa do Gólgota']",living_street,"[False, True]",472.174,"LINESTRING (-8.6304881 41.1507222, -8.6306566 41.1505346, -8.6307914 41.1503086, -8.6309151 41.1502304, -8.6310459 41.1501541, -8.6312518 41.1500611, -8.6313137 41.1500479, -8.6313898 41.1500485, -8.6315736 41.1500764, -8.6316676 41.150095, -8.6317574 41.1501227, -8.6318628 41.1501464, -8.6319619 41.1501626, -8.6320692 41.150191, -8.6322614 41.1502678, -8.6326092 41.1503801, -8.632686 41.1504066, -8.6327992 41.1504457, -8.6328292 41.1504545, -8.6329257 41.1504827, -8.6330165 41.1505076, -8.6330949 41.1505294, -8.6333464 41.150508, -8.6336674 41.1506037, -8.6337033 41.1506054, -8.6337368 41.1505913, -8.6338765 41.1504882, -8.6338905 41.1504692, -8.6338856 41.1504464, -8.6338353 41.1503489, -8.6338108 41.1502471, -8.6338269 41.1501093, -8.6338554 41.1499609, -8.6337889 41.1497492, -8.633833 41.1496254, -8.6339127 41.1494655, -8.633959 41.1494112, -8.6340082 41.1493872, -8.6340611 41.1493713)",,,,,building_passage
420777494,411504984,0,35078500,False,2,Rua Doutor Manuel Pereira da Silva,secondary,False,38.43,"LINESTRING (-8.6008383 41.1739145, -8.6009155 41.1738773, -8.6009979 41.1738485, -8.6010496 41.1738346, -8.6011677 41.1738077, -8.6012643 41.1737938)",,,,,
420777494,411504977,0,"[1174863220, 35078500]",False,"['2', '3']",Rua Doutor Manuel Pereira da Silva,secondary,True,124.48499999999999,"LINESTRING (-8.6008383 41.1739145, -8.6007561 41.1739634, -8.6003397 41.174264, -8.5998871 41.1745908, -8.5997536 41.1746799)",,,,,
343646747,4888395226,0,1174461331,True,1,Rua de Monsanto,tertiary,False,27.314,,,,,,
343646748,343646736,0,448568808,True,1,Rua de Monsanto,tertiary,False,137.812,"LINESTRING (-8.6180107 41.1717345, -8.6188074 41.1716202, -8.6189269 41.1715867, -8.6190509 41.1715217, -8.6191816 41.171428, -8.6194552 41.1712335)",,,,,
343646749,343646748,0,448568808,True,1,Rua de Monsanto,tertiary,False,131.912,"LINESTRING (-8.6164434 41.1718034, -8.6175091 41.1718051, -8.6180107 41.1717345)",,,,,
478902811,1353874575,0,39896043,True,1,Via Panorâmica,tertiary,False,55.24,"LINESTRING (-8.6336171 41.1509349, -8.6334473 41.1510276, -8.6333269 41.1511083, -8.6331114 41.1512531)",,,,,
343646751,5258500724,0,263330573,False,2,Rua Nove de Abril,residential,False,284.99199999999996,"LINESTRING (-8.6174141 41.1701197, -8.6165074 41.1706225, -8.6163901 41.170672, -8.6162353 41.1707013, -8.6161742 41.170704, -8.6157348 41.1707234, -8.615391 41.1707385, -8.6149876 41.1708483, -8.6144219 41.1711711)",,,,,
1438444064,129795568,0,14326182,True,,Praça do Bom Sucesso,tertiary,False,50.646,"LINESTRING (-8.630041 41.1554107, -8.6298925 41.1555016, -8.6298407 41.1555238, -8.6297814 41.1555414, -8.6297076 41.1555431, -8.6296247 41.1555295, -8.6295076 41.1554844)",,,,,
1438444064,314555992,0,1018561643,False,2,Rua Gonçalo Sampaio,secondary,False,34.375,"LINESTRING (-8.630041 41.1554107, -8.6300897 41.1553581, -8.6301707 41.1552841, -8.6302935 41.1551671)",,,,,
343646753,4598508648,0,868014850,False,2,Rua de Monsanto,tertiary,True,100.251,"LINESTRING (-8.6201887 41.17075, -8.6203029 41.1706814, -8.6203696 41.1706439, -8.6211481 41.1702104)",,,,,
25632284,25632285,0,8367069,True,2,Rua Álvares Cabral,secondary,False,480.519,"LINESTRING (-8.6188807 41.1551988, -8.6188106 41.1551843, -8.6166796 41.1547905, -8.6152379 41.154528, -8.614016 41.1543025, -8.6134453 41.1541922, -8.6133083 41.1541642)",,,,4,
1216466461,10876563844,0,608418840,True,2,Avenida da França,secondary,False,63.317,,,,,,
25632285,25632293,0,734630278,True,4,Praça da República,secondary,False,48.456999999999994,"LINESTRING (-8.6133083 41.1541642, -8.6133246 41.1538652, -8.6133163 41.1538177, -8.6133032 41.1537985, -8.6132822 41.1537694, -8.6132636 41.1537385)",,,,,
343646757,343646737,0,914265946,False,,Rua Nove de Abril,residential,False,109.328,,,,,,
416007714,128597080,0,"[35727408, 1167578690, 35727410, 1028336214]",True,"['2', '1']",Rua de Delfim Maia,residential,False,301.757,"LINESTRING (-8.6093197 41.1729674, -8.6092856 41.1729735, -8.6083712 41.1731364, -8.6073315 41.1733228, -8.6066052 41.1734655, -8.605984 41.1735813, -8.6058176 41.1736115)",,,yes,,
416007715,316511865,0,30912874,True,,Rua da Igreja de Paranhos,tertiary,False,63.583,,,,,,
416007716,416007717,0,35541709,False,,Largo do Campo Lindo,tertiary,False,32.501,,,,,,
416007717,416007718,0,35541709,False,,Largo do Campo Lindo,tertiary,False,6.438,,,,,,
416007718,1165604001,0,35541709,False,,Largo do Campo Lindo,tertiary,False,5.921,,,,,,
416007718,416007719,0,30912880,True,,Rua de Júlio Ramos,residential,False,23.655,"LINESTRING (-8.6082111 41.1696899, -8.6081558 41.1696706, -8.6081049 41.1696706, -8.6080504 41.1696786, -8.6079414 41.1697067)",,,,,
416007719,4526688784,0,30912880,True,,Rua de Júlio Ramos,residential,False,100.392,"LINESTRING (-8.6079414 41.1697067, -8.6076544 41.169819, -8.6073943 41.1698457, -8.6067817 41.1698693)",,,,,
311889445,428216714,0,28996911,True,2,Rua Guerra Junqueiro,tertiary,False,56.839,,,,,,
25632293,1110698273,0,8367068,True,2,Praça da República,secondary,False,107.73699999999998,"LINESTRING (-8.6132636 41.1537385, -8.6131748 41.1537511, -8.6130858 41.1537499, -8.6126871 41.1537496, -8.6126091 41.1537496, -8.6122168 41.1537426, -8.6121716 41.1537482, -8.6121269 41.1537604, -8.6121117 41.1537666, -8.6120991 41.1537717, -8.6120711 41.153789, -8.6120549 41.1538039, -8.6120253 41.1538357)",,,,,
12148105774,343646772,0,"[13262770, 13262695]",True,3,Rua de Pedro Hispano,secondary,False,101.134,"LINESTRING (-8.6317726 41.1646119, -8.6319782 41.1645119, -8.6319958 41.1645033, -8.6320755 41.1644645, -8.6322544 41.1643775, -8.6324427 41.164267, -8.6325957 41.1641977, -8.6327818 41.1641134)",,,yes,,
335561263,10838683814,0,1165291406,True,1,Rua de Júlio Dinis,secondary,False,19.881,"LINESTRING (-8.626827 41.1544518, -8.6268104 41.154388, -8.6267993 41.1543453, -8.6267768 41.1542771)",,,,,
1243809319,1243809345,0,108385736,True,,Rua 15 de Novembro,residential,False,74.358,,,,,,
3391599154,3391599155,0,482240916,True,1,,secondary_link,False,9.163,,,,,,
3391599155,1418798472,0,482276565,True,1,,secondary_link,False,22.811,"LINESTRING (-8.6323841 41.1527069, -8.6323584 41.1527488, -8.6322712 41.1528936)",,,,,
343646772,122432560,0,212711376,True,2,Rua de Pedro Hispano,secondary,False,85.537,"LINESTRING (-8.6327818 41.1641134, -8.6330597 41.1640074, -8.6336666 41.1637296)",,,yes,,
1243809331,335562443,0,167487384,True,1,Rua dos Vanzeleres,residential,False,94.227,"LINESTRING (-8.6328076 41.1605973, -8.6329408 41.1608108, -8.6331371 41.1613453, -8.6331573 41.1614002)",,,,,
299611700,5284320721,0,738994725,True,3,Praça do Marquês de Pombal,secondary,False,19.19,,,,,,
475044410,138208872,0,453762944,False,2,Rua de Serpa Pinto,tertiary,False,97.96200000000002,"LINESTRING (-8.6209476 41.1622085, -8.6210226 41.1616539, -8.6210419 41.1615281, -8.6210441 41.1615126, -8.6210575 41.161417, -8.6210694 41.1613323)",50,,,,
343646781,5284452787,0,167487356,False,2,Rua de Pedro Hispano,secondary,False,341.76700000000005,"LINESTRING (-8.6377548 41.1617864, -8.637807 41.1617646, -8.6378617 41.1617414, -8.638474 41.1614858, -8.6386757 41.1614015, -8.6389029 41.1613074, -8.6389461 41.1612893, -8.6391595 41.1611993, -8.6404953 41.1606595, -8.6412911 41.160338, -8.6413419 41.1603191)",,,,,
1216466495,343646742,0,263330574,True,,Rua Nova do Regado,residential,False,134.464,"LINESTRING (-8.6196285 41.1675988, -8.6196761 41.1686891, -8.6197025 41.1688058)",,,,,
128580161,128581937,0,"[241364281, 13798089, 34798406]",True,2,Rua da Igreja de Paranhos,secondary,False,77.18099999999998,"LINESTRING (-8.6056921 41.1732029, -8.6056693 41.1731262, -8.6056492 41.1730859, -8.605625 41.1730491, -8.6055955 41.1730103, -8.6054191 41.1728156, -8.6053668 41.1727487, -8.605328 41.1726626, -8.6053176 41.1725805)",,,yes,,
128580161,128597080,0,979428550,False,4,Rua da Igreja de Paranhos,secondary,True,46.632999999999996,"LINESTRING (-8.6056921 41.1732029, -8.6057649 41.1734355, -8.6058176 41.1736115)",50,,,,
1243809345,1243809331,0,167487384,True,1,Rua dos Vanzeleres,residential,False,12.546,,,,,,
411506246,3554953651,0,37856053,False,2,Rua do Arquitecto Lobão Vital,residential,False,34.053,"LINESTRING (-8.6060761 41.1743536, -8.6060095 41.1744053, -8.6057913 41.1745723)",,,,,
2250873416,129953505,0,1267703679,True,2,Rua da Boavista,secondary,False,120.18199999999999,"LINESTRING (-8.617925 41.1560535, -8.6192099 41.1562699, -8.6193259 41.1562894)",,,,10,
412246600,5198412994,0,440389519,True,1,Rua Doutor António Bernardino de Almeida,secondary,False,38.161,"LINESTRING (-8.6063233 41.1785504, -8.6063919 41.1784786, -8.6064186 41.1784506, -8.6064326 41.1784359, -8.6065315 41.1782479)",,,,,
412246602,1223751610,0,35145272,True,2,Rua Júlio Amaral de Carvalho,tertiary,False,340.60699999999997,"LINESTRING (-8.6039188 41.1763862, -8.6037761 41.1763894, -8.6037232 41.1763935, -8.6036566 41.1764088, -8.6033955 41.1764621, -8.6033285 41.1764838, -8.6030413 41.1765767, -8.6029847 41.176595, -8.6027238 41.1767123, -8.6025902 41.1767797, -8.6023922 41.1768275, -8.6022846 41.1768335, -8.6021716 41.1768233, -8.6020556 41.1768054, -8.6019503 41.1767753, -8.6016927 41.1766105, -8.6008981 41.1760213, -8.6008728 41.1760038, -8.6007612 41.1759265, -8.6004711 41.1758223)",,,,,
5284452939,1264279362,0,1323840157,True,2,Avenida da Boavista,primary,False,71.502,"LINESTRING (-8.6414663 41.1599268, -8.6408012 41.1598166, -8.6406313 41.1597917)",,,,,
4573598284,287458452,0,141476900,False,2,Rua Doutor António Bernardino de Almeida,secondary,False,76.51500000000001,"LINESTRING (-8.6082501 41.1760198, -8.6083072 41.1758362, -8.6084479 41.1754295, -8.6084741 41.1753527)",50,,,,
299611722,122452414,0,27292882,False,2,Rua da Alegria,secondary,True,220.311,"LINESTRING (-8.5995483 41.1632619, -8.6002136 41.1616002, -8.60031 41.1613654)",,,,,
3694392908,4455723345,0,35475028,False,2,Rua da Natária,tertiary,True,46.309,,,,,,
3694392908,343646735,0,35475028,False,2,Rua da Natária,tertiary,False,39.259,"LINESTRING (-8.62473 41.1671682, -8.6250381 41.1670928, -8.625176 41.167059)",,,,,
311889487,1537859379,0,1016567884,True,2,Rua de António Cardoso,tertiary,False,40.81,,,,,,
299610705,3897692280,0,1083211594,False,2,Rua de Costa Cabral,secondary,True,7.122,,,,,,
311889489,479183225,0,224646232,False,3,Rua do Campo Alegre,secondary,True,56.262,"LINESTRING (-8.6424267 41.154071, -8.6423882 41.1540607, -8.6422632 41.1540236, -8.642236 41.1540155, -8.641801 41.1538865)",,,,,
314555992,129795309,0,1018561643,False,2,Rua Gonçalo Sampaio,secondary,False,54.048,,,,,,
314555992,1438444064,0,1018561643,False,2,Rua Gonçalo Sampaio,secondary,True,34.375,"LINESTRING (-8.6302935 41.1551671, -8.6301707 41.1552841, -8.6300897 41.1553581, -8.630041 41.1554107)",,,,,
126597726,126598827,0,209436196,True,2,Rua Domingos Sequeira,secondary,False,136.929,"LINESTRING (-8.62909 41.1636071, -8.6290143 41.1636059, -8.627588 41.1635198, -8.6274598 41.1635081)",,,,,
137992807,5865201851,0,1174689834,True,3,Rua de Faria Guimarães,secondary,False,7.129,,40,,,,
137992808,137994720,0,38336633,True,2,Rua de Faria Guimarães,secondary,False,194.675,,,,,,
138208872,474552495,0,1017147074,False,2,Rua de Serpa Pinto,tertiary,False,24.751,,50,,,,
138208872,474549120,0,30912941,True,,Rua de Brito Capelo,residential,False,36.298,"LINESTRING (-8.6210694 41.1613323, -8.6209247 41.1613949, -8.6206935 41.161495)",,,,,
25632361,4612022469,0,34683151,False,2,Rua de Aníbal Cunha,tertiary,False,249.65500000000003,"LINESTRING (-8.6207549 41.1526088, -8.6208223 41.152769, -8.6209837 41.1532264, -8.6210121 41.1533068, -8.6210314 41.1533685, -8.6210417 41.1534427, -8.6210452 41.1535866, -8.6209435 41.154823)",,,,,
2455291504,4703906249,0,706644343,True,,Rua de Nossa Senhora de Fátima,tertiary,False,24.931,,,,,,
428214900,311889356,0,1016617006,True,2,Rua de António Cardoso,tertiary,False,85.119,,,,,,
5258500725,128566335,0,228569586,False,2,Rua de Monsanto,tertiary,True,51.577,"LINESTRING (-8.6133596 41.1718197, -8.6132224 41.1718248, -8.6128427 41.1718284, -8.6127436 41.1718292)",,,,,
5258500725,4526688723,0,"[868014851, 617765086]",True,1,Rua de Monsanto,tertiary,False,225.546,"LINESTRING (-8.6133596 41.1718197, -8.6134961 41.1718194, -8.6135546 41.1718192, -8.6136016 41.1718191, -8.615685 41.1718073, -8.6160542 41.1718059)",,,,,
475329142,475328017,0,704509573,True,2,Rua da Constituição,secondary,False,33.3,,,,,,
4452315764,4473265202,0,34628257,False,,Rua de Augusto Lessa,tertiary,False,79.025,,,,,,
5258500724,5258500725,0,456405090,True,1,Rua Nove de Abril,residential,False,114.493,"LINESTRING (-8.6144219 41.1711711, -8.6134406 41.1717732, -8.6134296 41.1717795, -8.6133596 41.1718197)",,,,,
428214905,428214906,0,28996911,True,2,Rua Guerra Junqueiro,tertiary,False,78.69600000000001,"LINESTRING (-8.638156 41.1543751, -8.6380786 41.1545338, -8.6378746 41.1549518, -8.6378318 41.1550394)",,,,,
428214906,311889445,0,28996911,True,2,Rua Guerra Junqueiro,tertiary,False,83.697,"LINESTRING (-8.6378318 41.1550394, -8.6375106 41.1556584, -8.6374937 41.1556909, -8.637468 41.1557405)",,,,,
428214907,111415446,0,1016617005,True,2,Rua Guerra Junqueiro,tertiary,False,127.04600000000002,"LINESTRING (-8.6363835 41.1579269, -8.6363563 41.1579796, -8.635862 41.1589379, -8.6358336 41.1589918)",,,,,
25632372,475052386,0,30405423,True,,Rua da Torrinha,residential,False,98.01,,,,,4,
316511863,435468987,0,212710696,False,2,Rua do Campo Lindo,tertiary,False,112.283,"LINESTRING (-8.6107657 41.1677569, -8.6102869 41.1681208, -8.6098197 41.1684728)",,,,,
316511863,2225284288,0,212710701,True,,Rua do Campo Lindo,tertiary,False,24.991999999999997,"LINESTRING (-8.6107657 41.1677569, -8.6108277 41.1677319, -8.6109101 41.1676824, -8.610952 41.1676419, -8.610975 41.1676046)",,,,,
316511864,1165604001,0,35541709,False,,Largo do Campo Lindo,tertiary,True,22.343,,,,,,
316511864,343646689,0,212710696,False,2,Rua do Campo Lindo,tertiary,True,14.304,,,,,,
129548927,137992808,0,452076898,True,2,Rua do Paraíso,residential,False,66.983,"LINESTRING (-8.6099838 41.157254, -8.6098675 41.1572654, -8.6093186 41.1573243, -8.6091917 41.1573388)",,,,4,
316511865,416007716,0,30912874,True,,Rua da Igreja de Paranhos,tertiary,False,122.998,"LINESTRING (-8.6066358 41.1705066, -8.6067412 41.1704441, -8.6068055 41.1704039, -8.607905 41.1699536)",,,,,
343646851,126617428,0,"[1014684310, 1174565663]",True,3,Rua de Damião de Góis,secondary,False,113.769,"LINESTRING (-8.6126976 41.1618918, -8.6125354 41.1618702, -8.6118704 41.1617853, -8.6118154 41.1617781, -8.6114859 41.1617365, -8.6113581 41.161719)",,,,,
299575942,299610705,0,1172588827,False,2,Rua de Costa Cabral,secondary,True,70.164,"LINESTRING (-8.5976924 41.1660037, -8.5980128 41.1659131, -8.5983749 41.1657728, -8.5984464 41.1657333)",,,,,
1788786316,128673223,0,482261341,False,3,Rua do Campo Alegre,secondary,True,62.057,"LINESTRING (-8.6313575 41.1526165, -8.6309917 41.1526006, -8.6308449 41.1525937, -8.630785 41.152591, -8.6306176 41.1525836)",,,,,
128674452,128674453,0,13800986,True,1,Rua da Piedade,residential,False,138.395,"LINESTRING (-8.6261136 41.1523141, -8.6259664 41.1523579, -8.6255507 41.1524815, -8.6245762 41.1527713)",,,,,
128674453,25632372,0,252519111,True,,Rua da Piedade,residential,False,45.256,"LINESTRING (-8.6245762 41.1527713, -8.6242353 41.152874, -8.6240719 41.1529176)",,,,,
4282469015,432578831,0,461925686,False,,Rua do Doutor Júlio de Matos,residential,False,61.93,,,,,,
4282469015,4282469037,0,429123181,False,,Rua do Doutor Júlio de Matos,residential,True,76.547,"LINESTRING (-8.5948554 41.1756709, -8.5950371 41.1756851, -8.595303 41.1756832, -8.5953526 41.1756863, -8.5953893 41.1756954, -8.5954173 41.1757139, -8.5954324 41.1757397, -8.5954566 41.1758086, -8.5954971 41.1759623)",,,,,
4282469015,4282469037,1,461925686,False,,Rua do Doutor Júlio de Matos,residential,True,63.262,"LINESTRING (-8.5948554 41.1756709, -8.5954009 41.1758852, -8.5954971 41.1759623)",,,,,
12106031777,12106031784,0,1307231300,True,,Rua de Nossa Senhora de Fátima,tertiary,False,20.041,"LINESTRING (-8.6279982 41.1583058, -8.6279851 41.15836, -8.6279764 41.1583968, -8.6279368 41.1584407, -8.6279107 41.1584693)",50,,,,
137817763,9380255665,0,"[1016997824, 1184901740, 1016567885, 167487340, 167487342, 14326256, 128245300, 434884635]",True,"['2', '1']",Largo de Ferreira Lapa,tertiary,False,150.98599999999996,"LINESTRING (-8.6290019 41.1551463, -8.6289066 41.1551156, -8.6288656 41.1550948, -8.628786 41.1550881, -8.6287097 41.1551009, -8.6285898 41.155152, -8.6283599 41.1552816, -8.6282722 41.1553273, -8.6282285 41.1553585, -8.6281739 41.1553979, -8.6281142 41.155444, -8.628019 41.1554502, -8.6278019 41.1555391, -8.627608 41.1556247, -8.6275938 41.1556271, -8.6275376 41.1556365, -8.627491 41.1556375, -8.6274386 41.1556322)",,,,,building_passage
2084091557,2605287683,0,"[35104970, 26248563, 26248567]",True,1,Rua de Leonardo Coimbra,residential,False,113.87,"LINESTRING (-8.6098379 41.1745592, -8.6098781 41.1745085, -8.6099316 41.1744411, -8.6103814 41.1739403, -8.6103807 41.1736583)",,,yes,,
12106031784,126604789,0,"[1174193044, 13715172]",False,3,Rua de Nossa Senhora de Fátima,tertiary,True,313.36199999999997,"LINESTRING (-8.6279107 41.1584693, -8.6278968 41.1584751, -8.6278658 41.1584882, -8.6278046 41.1585153, -8.6272472 41.1587624, -8.6267356 41.1589808, -8.6252412 41.1596317, -8.624808 41.1598154, -8.6246623 41.1598688)",50,,,,
12106031784,4468690315,0,1307231301,True,,Rua de Nossa Senhora de Fátima,tertiary,False,19.303,"LINESTRING (-8.6279107 41.1584693, -8.627967 41.158474, -8.6280267 41.1584776, -8.6280723 41.1584887, -8.6281333 41.1585079)",50,,,,
126598827,122439068,0,800153230,True,3,Avenida da França,secondary,False,137.55599999999998,"LINESTRING (-8.6274598 41.1635081, -8.6273562 41.1638723, -8.6271308 41.1645724, -8.6270836 41.1647122)",,,,,
4282469037,4282469015,0,429123181,False,,Rua do Doutor Júlio de Matos,residential,False,76.547,"LINESTRING (-8.5954971 41.1759623, -8.5954566 41.1758086, -8.5954324 41.1757397, -8.5954173 41.1757139, -8.5953893 41.1756954, -8.5953526 41.1756863, -8.595303 41.1756832, -8.5950371 41.1756851, -8.5948554 41.1756709)",,,,,
4282469037,4282469015,1,461925686,False,,Rua do Doutor Júlio de Matos,residential,False,63.262,"LINESTRING (-8.5954971 41.1759623, -8.5954009 41.1758852, -8.5948554 41.1756709)",,,,,
4282469037,4282469042,0,461925686,False,,Rua do Doutor Júlio de Matos,residential,True,82.71600000000001,"LINESTRING (-8.5954971 41.1759623, -8.595615 41.1760302, -8.5956689 41.1760471, -8.5958255 41.1760963, -8.595981 41.1761149, -8.5964343 41.1760922)",,,,,
474677934,1788787115,0,34988345,True,2,Rua da Lapa,secondary,False,126.236,"LINESTRING (-8.6130665 41.1566312, -8.6131113 41.1564624, -8.6131371 41.1563265, -8.6132259 41.155824, -8.613285 41.1555082)",,,,,
406359726,299575942,0,1186568754,True,,Rua Doutor Joaquim Pires de Lima,residential,False,28.628,"LINESTRING (-8.5975254 41.166228, -8.5975639 41.1661869, -8.5976924 41.1660037)",,,,,
311889583,311889597,0,1016573834,True,2,Rua de António Cardoso,tertiary,False,49.615,,,,,,
4282469042,2185792256,0,455315129,False,,,residential,True,162.911,"LINESTRING (-8.5964343 41.1760922, -8.5964383 41.1762093, -8.59644 41.1762599, -8.5964461 41.1765033, -8.5964654 41.1765423, -8.596501 41.1765857, -8.5965674 41.1766302, -8.59713 41.176991, -8.5971608 41.1770316, -8.5971736 41.1770591, -8.5971759 41.1770879, -8.5971732 41.1771255, -8.5971394 41.1771893, -8.5971211 41.1772271, -8.5970814 41.1773085)",,,,,
4282469042,4282469037,0,461925686,False,,Rua do Doutor Júlio de Matos,residential,False,82.71600000000001,"LINESTRING (-8.5964343 41.1760922, -8.595981 41.1761149, -8.5958255 41.1760963, -8.5956689 41.1760471, -8.595615 41.1760302, -8.5954971 41.1759623)",,,,,
435468987,343646689,0,212710696,False,2,Rua do Campo Lindo,tertiary,False,148.764,,,,,,
435468987,316511863,0,212710696,False,2,Rua do Campo Lindo,tertiary,True,112.283,"LINESTRING (-8.6098197 41.1684728, -8.6102869 41.1681208, -8.6107657 41.1677569)",,,,,
474697403,122452434,0,704509573,True,2,Rua da Constituição,secondary,False,39.192,"LINESTRING (-8.6202394 41.16385, -8.620518 41.1638833, -8.6207018 41.1639052)",,,,,
311889597,311889487,0,1016567884,True,2,Rua de António Cardoso,tertiary,False,29.661,"LINESTRING (-8.6415279 41.1568565, -8.6415702 41.1567246, -8.6416044 41.1565961)",,,,,
1422610110,474677934,0,14329124,True,2,Largo da Lapa,secondary,False,66.61800000000001,"LINESTRING (-8.6127422 41.157178, -8.6129259 41.1568847, -8.6130226 41.1567137, -8.6130465 41.1566745, -8.6130665 41.1566312)",,,,4,
435468997,316511863,0,551932162,True,,Rua de Antero de Quental,tertiary,False,19.881999999999998,"LINESTRING (-8.610833 41.1675902, -8.6108265 41.1676696, -8.6108095 41.1677062, -8.6107657 41.1677569)",,,,,
343634635,406359726,0,34628269,True,,Rua Doutor Joaquim Pires de Lima,residential,False,67.019,"LINESTRING (-8.5972933 41.1668043, -8.5974285 41.1665111, -8.5975254 41.166228)",,,,,
335562443,126597343,0,"[167487384, 1184878068]",True,"['2', '1']",Rua dos Vanzeleres,residential,False,86.38799999999999,"LINESTRING (-8.6331573 41.1614002, -8.6328352 41.161704, -8.6326243 41.1619039, -8.6325809 41.1619458, -8.6325164 41.1620091)",,,,,
5284368076,129549662,0,8367093,True,,Rua da Regeneração,tertiary,False,153.611,"LINESTRING (-8.6119092 41.1552219, -8.6119075 41.1553083, -8.611899 41.1557432, -8.6118744 41.1566031)",,,,,
343634640,4452315764,0,34628257,False,,Rua de Augusto Lessa,tertiary,False,34.769,,,,,,
12374109905,4612052766,0,1017147074,False,2,Rua de Serpa Pinto,tertiary,False,1.831,,50,,,,
12374109905,474541483,0,1017147074,False,2,Rua de Serpa Pinto,tertiary,True,16.101,,50,,,,
1788786387,1418798469,0,128363655,True,1,Rua Gonçalo Sampaio,secondary,False,82.531,"LINESTRING (-8.6323788 41.153272, -8.6324109 41.1530755, -8.6324325 41.1529488, -8.632463 41.1528846, -8.6325159 41.1528015, -8.6325378 41.1527759, -8.6326976 41.1527191, -8.6328135 41.152688)",,,,,
425725651,343646649,0,212708374,True,3,Rua de Faria Guimarães,secondary,False,116.76100000000001,"LINESTRING (-8.6062487 41.164361, -8.6062598 41.1644659, -8.6063496 41.165314, -8.6063584 41.1654078)",,,,,
474695389,475329142,0,704509573,True,2,Rua da Constituição,secondary,False,81.556,,,,,,
129953503,1110673414,0,35202691,True,1,Avenida da Boavista,secondary,False,54.402,"LINESTRING (-8.6242502 41.1571135, -8.6247875 41.1571604, -8.6248951 41.1571731)",,,,,
129953504,455341194,0,434872537,True,2,Rua da Boavista,secondary,False,42.623,,,,,10,
129953505,129953504,0,8367092,True,2,Rua da Boavista,secondary,False,124.088,"LINESTRING (-8.6193259 41.1562894, -8.6206724 41.1565165, -8.6207729 41.1565309)",,,,10,
473859815,4612052763,0,"[724454816, 724454817]",True,1,Largo da Ramada Alta,tertiary,False,36.823,"LINESTRING (-8.6217467 41.1603112, -8.6217145 41.1603047, -8.6216542 41.1602982, -8.6214908 41.1602786, -8.6214085 41.1602691, -8.6213732 41.1602649, -8.6213127 41.1602583)",50,,,,
4685392627,474800358,0,1016388206,False,2,Rua de São Dinis,tertiary,True,77.54,"LINESTRING (-8.6122786 41.1664189, -8.6131061 41.1665877, -8.6131726 41.1666015)",,,,,
479183608,479183873,0,"[128363658, 1169722591]",False,3,Rua do Campo Alegre,secondary,True,267.474,"LINESTRING (-8.6375345 41.1528317, -8.63737 41.1527919, -8.6373324 41.1527828, -8.6368042 41.1526548, -8.6366768 41.1526253, -8.6363837 41.1525575, -8.6362346 41.1525246, -8.6359434 41.1524604, -8.6355022 41.152436, -8.6350234 41.1524096, -8.6348243 41.1524083, -8.6347003 41.1524249, -8.6345977 41.1524387, -8.6344234 41.1524621)",50,,,,
479183608,311889375,0,1016392202,False,3,Rua do Campo Alegre,secondary,False,108.14600000000002,"LINESTRING (-8.6375345 41.1528317, -8.6376612 41.1528629, -8.6381943 41.1529858, -8.6385465 41.1530634, -8.6385893 41.1530728, -8.6387697 41.153116)",,,,,
479183608,4554424124,0,"[39911832, 1172312751]",False,3,Via Panorâmica,tertiary,False,266.675,"LINESTRING (-8.6375345 41.1528317, -8.6375454 41.1527353, -8.6375494 41.1526991, -8.6375805 41.1523661, -8.6376117 41.1521188, -8.6376291 41.1520148, -8.637665 41.1517925, -8.6376893 41.1516416, -8.6376963 41.1516088, -8.6377678 41.151342, -8.637919 41.1508124, -8.6379372 41.1507059, -8.6379182 41.1505499, -8.6378645 41.1504683)",,,,,
1252543225,1788786447,0,252519112,True,1,Rua do Padre Cruz,residential,False,21.39,"LINESTRING (-8.6265399 41.1543758, -8.6265664 41.1543911, -8.6266032 41.1544123, -8.6267428 41.1544927)",,,,,
126600959,475044410,0,453762944,False,2,Rua de Serpa Pinto,tertiary,False,58.528,,50,,,,
2185792256,4282469042,0,455315129,False,,,residential,False,162.91100000000003,"LINESTRING (-8.5970814 41.1773085, -8.5971211 41.1772271, -8.5971394 41.1771893, -8.5971732 41.1771255, -8.5971759 41.1770879, -8.5971736 41.1770591, -8.5971608 41.1770316, -8.59713 41.176991, -8.5965674 41.1766302, -8.596501 41.1765857, -8.5964654 41.1765423, -8.5964461 41.1765033, -8.59644 41.1762599, -8.5964383 41.1762093, -8.5964343 41.1760922)",,,,,
2185792256,4523960191,0,667439829,False,,Rua Dom Frei Vicente da Soledade e Castro,residential,True,98.848,"LINESTRING (-8.5970814 41.1773085, -8.5980733 41.1775929, -8.5981844 41.1776263)",,,,,
1788786433,1110673556,0,"[207634492, 482291294, 482291295]",False,"['4', '3']",Rua de Júlio Dinis,secondary,True,180.506,"LINESTRING (-8.6267103 41.154224, -8.6264536 41.1534234, -8.6262477 41.1527769, -8.6262287 41.1527172, -8.626206 41.1526457)",,,,,
474546948,474694626,0,704509573,True,2,Rua da Constituição,secondary,False,100.038,"LINESTRING (-8.6163008 41.1633535, -8.6164243 41.1633701, -8.6174773 41.1635113)",,,,,
1788786447,335560491,0,167487372,True,2,Rua de Júlio Dinis,secondary,False,13.084,"LINESTRING (-8.6267428 41.1544927, -8.62676 41.1545469, -8.6268237 41.1545861)",,,,,
8493177618,128560275,0,210670990,True,2,Rua de Antero de Quental,secondary,False,40.879999999999995,"LINESTRING (-8.6124484 41.1576751, -8.6125346 41.1575206, -8.6126514 41.1573409)",,,,,
4612052763,4612052768,0,"[724454817, 724454818]",True,,Largo da Ramada Alta,tertiary,False,22.029,"LINESTRING (-8.6213127 41.1602583, -8.6212731 41.1602567, -8.6212446 41.1602649, -8.6212227 41.1602736, -8.6211997 41.1602928, -8.6211848 41.1603137, -8.6211652 41.1603442, -8.6211611 41.1603649, -8.621163 41.1603871)",50,,,,
4612052766,12374109905,0,1017147074,False,2,Rua de Serpa Pinto,tertiary,True,1.831,,50,,,,
4612052766,1216466345,0,706644344,True,,Rua de Serpa Pinto,tertiary,False,13.617,"LINESTRING (-8.6211833 41.1605352, -8.6212551 41.1604939, -8.6213246 41.1604789)",50,,,,
474683167,2165604353,0,453761206,True,3,Rua de Damião de Góis,secondary,False,95.376,"LINESTRING (-8.6154376 41.162236, -8.6147216 41.1621356, -8.6144024 41.1620938, -8.6143165 41.1620833)",,,,,
4612052768,4612052766,0,466403882,True,,Rua de Serpa Pinto,tertiary,False,16.629,"LINESTRING (-8.621163 41.1603871, -8.6211643 41.160465, -8.6211833 41.1605352)",50,,,,
4612052778,4246373461,0,580264834,True,,Rua de Nossa Senhora de Fátima,tertiary,False,19.411,"LINESTRING (-8.6219046 41.1604026, -8.6219381 41.1604049, -8.6219872 41.1604118, -8.6221304 41.1604408)",,,,,
335560491,335561263,0,1165291407,True,2,Rua de Júlio Dinis,secondary,False,15.566,"LINESTRING (-8.6268237 41.1545861, -8.6268512 41.1545265, -8.626827 41.1544518)",,,,,
4554424112,4554424124,0,39911832,False,,Via Panorâmica,tertiary,True,54.655,,,,,,
4554424112,478927788,0,39896732,False,,,tertiary,False,47.81,"LINESTRING (-8.6375675 41.1500306, -8.6374252 41.1499601, -8.637278 41.1499212, -8.6370336 41.1499125)",,,,,
444011313,4381093236,0,440389517,True,2,,secondary,False,11.126,"LINESTRING (-8.608115 41.1769383, -8.6081135 41.1769049, -8.6080981 41.1768737, -8.6080705 41.1768476)",,roundabout,,,
1537859379,311889489,0,"[1174863228, 1016567884]",True,2,Rua de António Cardoso,tertiary,False,248.331,"LINESTRING (-8.6417276 41.156241, -8.6417503 41.1561555, -8.6417956 41.1559852, -8.6419636 41.1554415, -8.6422921 41.1544695, -8.6423815 41.1542132, -8.6423952 41.1541739, -8.6424267 41.154071)",,,,,
444011318,1548554599,0,37856053,False,2,Rua do Arquitecto Lobão Vital,residential,False,149.436,"LINESTRING (-8.6058055 41.1746208, -8.6057717 41.1749494, -8.6057675 41.17498, -8.6057365 41.1752078, -8.6057512 41.1755597, -8.6058122 41.1757149, -8.6059768 41.1759212)",,,,,
4554424124,4554424112,0,39911832,False,,Via Panorâmica,tertiary,False,54.655,,,,,,
4554424124,479183608,0,"[39911832, 1172312751]",False,3,Via Panorâmica,tertiary,True,266.675,"LINESTRING (-8.6378645 41.1504683, -8.6379182 41.1505499, -8.6379372 41.1507059, -8.637919 41.1508124, -8.6377678 41.151342, -8.6376963 41.1516088, -8.6376893 41.1516416, -8.637665 41.1517925, -8.6376291 41.1520148, -8.6376117 41.1521188, -8.6375805 41.1523661, -8.6375494 41.1526991, -8.6375454 41.1527353, -8.6375345 41.1528317)",,,,,
474793789,474794846,0,191987944,True,1,Rua de São Dinis,tertiary,False,55.708,"LINESTRING (-8.6115648 41.1665059, -8.6116372 41.1664937, -8.6121345 41.1664232, -8.6122183 41.1664113)",,,,,
1264279362,428214900,0,28394276,True,2,Rua de António Cardoso,tertiary,False,126.219,"LINESTRING (-8.6406313 41.1597917, -8.6406504 41.1597335, -8.6408271 41.159134, -8.6409629 41.1586844)",,,,,
474549060,126617427,0,"[1174565666, 1014684309]",True,2,Rua de Egas Moniz,secondary,False,166.924,"LINESTRING (-8.6184474 41.1625383, -8.6170417 41.1624148, -8.6164669 41.1623639)",,,,,
137982795,25632284,0,1187730285,True,2,Rua Álvares Cabral,secondary,False,16.189999999999998,"LINESTRING (-8.6190683 41.1552341, -8.6189796 41.1552177, -8.6188807 41.1551988)",,,,4,
2094769995,3446699975,0,"[608418573, 1164717213]",True,"['2', '3']",Praça Mouzinho de Albuquerque,primary,False,72.23100000000001,"LINESTRING (-8.629061 41.1588874, -8.6291786 41.1588906, -8.6293021 41.1588818, -8.6294471 41.1588596, -8.6295 41.158848, -8.6296906 41.158783, -8.6298586 41.1586897)",,roundabout,,,
126617427,474682657,0,453761206,True,3,Rua de Damião de Góis,secondary,False,60.690000000000005,"LINESTRING (-8.6164669 41.1623639, -8.6158702 41.1622898, -8.6157514 41.162276)",,,,,
3896082259,425725651,0,1016388207,True,3,Rua de Faria Guimarães,secondary,False,98.693,"LINESTRING (-8.6065132 41.1634965, -8.6062704 41.1642493, -8.6062487 41.164361)",,,,,
10926636885,137993249,0,755512797,True,1,Travessa de Antero de Quental,residential,False,131.753,"LINESTRING (-8.6100385 41.1604475, -8.6101028 41.1604561, -8.6103044 41.1604838, -8.6115801 41.1606857)",,,,,
126617428,122452427,0,"[1174565661, 1174565662]",False,3,Rua de Antero de Quental,secondary,True,111.706,"LINESTRING (-8.6113581 41.161719, -8.6113398 41.1618336, -8.6112428 41.1622361, -8.6111545 41.1626192, -8.6111351 41.1627093)",,,,,
474793814,474691703,0,1016388206,False,2,Rua de São Dinis,tertiary,True,93.955,"LINESTRING (-8.6133447 41.1666419, -8.6136007 41.1667177, -8.6142362 41.1669827, -8.6143419 41.1670268)",,,,,
126617430,10926636886,0,453761207,False,3,Rua de São Brás,secondary,False,98.034,"LINESTRING (-8.6095946 41.1614797, -8.6096221 41.1614026, -8.6097198 41.1611658, -8.6098739 41.1607912, -8.6099258 41.1606343)",,,,,
10926636886,10926636885,0,1175952369,True,1,Rua de São Brás,residential,False,22.832,"LINESTRING (-8.6099258 41.1606343, -8.6100163 41.1604929, -8.6100385 41.1604475)",,,,,
474794846,4685392627,0,1016388206,False,2,Rua de São Dinis,tertiary,True,5.118,,,,,,
138209120,474549060,0,30912941,True,,Rua de Brito Capelo,residential,False,210.52599999999998,"LINESTRING (-8.6205905 41.1615483, -8.6205561 41.1615685, -8.6193955 41.1621145, -8.6186973 41.1624305, -8.6185706 41.1624855, -8.6184474 41.1625383)",,,,,
4523960189,420776943,0,1267564167,False,3,Rua do Doutor Roberto Frias,secondary,False,7.956,,,,,,
4523960189,4523960191,0,"[456118771, 1190032493]",True,2,Rua Dom Frei Vicente da Soledade e Castro,residential,False,96.48400000000001,"LINESTRING (-8.5992641 41.1778975, -8.5991452 41.1778648, -8.5989441 41.1778042, -8.5985298 41.1776875, -8.5982521 41.17761, -8.5981844 41.1776263)",,,,,
4523960189,432578781,0,704870100,False,3,Rua do Doutor Roberto Frias,secondary,True,76.754,"LINESTRING (-8.5992641 41.1778975, -8.5993019 41.1778217, -8.5995986 41.1772548)",,,,,
4523960191,420776943,0,"[1190032492, 37141967]",True,2,Rua Dom Frei Vicente da Soledade e Castro,residential,False,95.903,"LINESTRING (-8.5981844 41.1776263, -8.5982153 41.1776632, -8.5983877 41.1777159, -8.5985003 41.1777503, -8.5991131 41.1779308, -8.5992274 41.1779635)",,,,,
4523960191,2185792256,0,667439829,False,,Rua Dom Frei Vicente da Soledade e Castro,residential,False,98.848,"LINESTRING (-8.5981844 41.1776263, -8.5980733 41.1775929, -8.5970814 41.1773085)",,,,,
474549120,138209120,0,30912941,True,,Rua de Brito Capelo,residential,False,10.463,,,,,,
112675715,90378716,0,608418580,True,2,Praça Mouzinho de Albuquerque,primary,False,34.826,"LINESTRING (-8.6280314 41.1575794, -8.6279878 41.1577259, -8.627965 41.1578132, -8.6279429 41.1578854)",,roundabout,,,
1417675671,1417675673,0,128245797,True,2,Rua da Boavista,secondary,False,92.62299999999999,"LINESTRING (-8.622756 41.1568656, -8.6237593 41.1570383, -8.6238345 41.1570513)",,,,10,
1417675673,129953503,0,128244780,True,3,Avenida da Boavista,secondary,False,35.483,,,,,10,
474690461,474691694,0,39598458,True,1,Rua Ribeiro de Sousa,residential,False,162.203,,,,,,
129800102,129795309,0,14326205,False,2,Rua Gonçalo Sampaio,secondary,True,36.563,"LINESTRING (-8.6310274 41.1545682, -8.6309024 41.1546686, -8.6308678 41.1546975, -8.6307303 41.1548092)",,,,,
129800102,2244990442,0,"[482263508, 1188369999]",False,"['2', '3']",Rua Gonçalo Sampaio,secondary,False,90.80300000000001,"LINESTRING (-8.6310274 41.1545682, -8.6313664 41.1543298, -8.6317101 41.1540853, -8.6318156 41.1540073)",,,,,
478927788,4554424112,0,39896732,False,,,tertiary,True,47.81,"LINESTRING (-8.6370336 41.1499125, -8.637278 41.1499212, -8.6374252 41.1499601, -8.6375675 41.1500306)",,,,,
478927788,297880533,0,167487385,False,2,Via Panorâmica,tertiary,True,206.31199999999998,"LINESTRING (-8.6370336 41.1499125, -8.6369303 41.1499197, -8.6368175 41.1499208, -8.6367137 41.1499169, -8.6366135 41.1498978, -8.6354459 41.1495655, -8.6353128 41.1495452, -8.6351814 41.149548, -8.6350659 41.1495553, -8.6349565 41.1495719, -8.6348134 41.1496154, -8.6347485 41.1496428, -8.6346888 41.1496681)",30,,,,
1788788654,343646735,0,193149514,False,3,Praça do Exército Libertador,secondary,False,39.511,"LINESTRING (-8.6256232 41.1669453, -8.6254201 41.1669969, -8.6253926 41.1670039, -8.625176 41.167059)",,,,,
1788788654,1225943158,0,"[106572534, 1187724078]",True,"['2', '1']",Rua da Prelada,secondary,False,65.879,"LINESTRING (-8.6256232 41.1669453, -8.6257488 41.166946, -8.6259021 41.1669473, -8.6261595 41.1669463, -8.6262249 41.166946, -8.6264102 41.1669453)",,,,,
9380255665,3446699979,0,"[128245297, 128245298]",False,"['4', '3']",Rua de Júlio Dinis,secondary,False,186.754,"LINESTRING (-8.6274386 41.1556322, -8.6274642 41.1556647, -8.6275044 41.1557157, -8.627579 41.1558104, -8.6280005 41.1563407, -8.6284619 41.1569213, -8.6285705 41.1570791)",,,,,
1223751610,412248019,0,977982937,True,1,Rua Júlio Amaral de Carvalho,tertiary,False,25.772,"LINESTRING (-8.6004711 41.1758223, -8.6003335 41.1758346, -8.6002572 41.1758645, -8.600181 41.1758899)",,,,,
478863293,1143317012,0,39895285,True,1,Rua da Rainha Dona Estefânia,residential,False,22.81,,,,,,
474728387,1216466495,0,39607956,False,,Rua de São Dinis,tertiary,False,47.94,"LINESTRING (-8.620199 41.1675609, -8.6200573 41.1675703, -8.6197944 41.1675878, -8.6196285 41.1675988)",,,,,
3446699975,111799455,0,734269564,True,3,Praça Mouzinho de Albuquerque,primary,False,55.614999999999995,"LINESTRING (-8.6298586 41.1586897, -8.6298901 41.1586637, -8.6300233 41.1585538, -8.6301611 41.1583874, -8.6302018 41.1583229, -8.6302268 41.158278)",,roundabout,,,
3446699979,112675715,0,608418577,True,3,Praça Mouzinho de Albuquerque,primary,False,73.786,"LINESTRING (-8.6285705 41.1570791, -8.6283687 41.1571816, -8.6282688 41.1572442, -8.6281903 41.1573215, -8.628077 41.1574805, -8.6280314 41.1575794)",,roundabout,,,
412248019,432578781,0,"[704870100, 1028339895]",False,3,Rua do Doutor Roberto Frias,secondary,False,160.219,"LINESTRING (-8.600181 41.1758899, -8.6001733 41.1760053, -8.6001511 41.1761223, -8.6000982 41.1762672, -8.6000095 41.1764594, -8.5997431 41.1769697, -8.5996828 41.1770887, -8.5995986 41.1772548)",,,,,
412248019,9049275537,0,1028339896,False,2,Rua do Doutor Roberto Frias,secondary,True,22.450000000000003,"LINESTRING (-8.600181 41.1758899, -8.6001887 41.1757993, -8.6001867 41.1756882)",,,,,
297880533,478927788,0,167487385,False,2,Via Panorâmica,tertiary,False,206.31199999999998,"LINESTRING (-8.6346888 41.1496681, -8.6347485 41.1496428, -8.6348134 41.1496154, -8.6349565 41.1495719, -8.6350659 41.1495553, -8.6351814 41.149548, -8.6353128 41.1495452, -8.6354459 41.1495655, -8.6366135 41.1498978, -8.6367137 41.1499169, -8.6368175 41.1499208, -8.6369303 41.1499197, -8.6370336 41.1499125)",30,,,,
297880533,478902811,0,"[167487385, 1070648070, 1070648071]",False,2,Via Panorâmica,tertiary,True,172.799,"LINESTRING (-8.6346888 41.1496681, -8.6346323 41.1497019, -8.634545 41.1497542, -8.6344484 41.1498434, -8.6343641 41.1499327, -8.6342599 41.1500883, -8.6341989 41.1502556, -8.6341377 41.1504997, -8.6340709 41.1506027, -8.6340006 41.1506867, -8.6336973 41.1508768, -8.6336171 41.1509349)",30,,,,
435240919,2084091557,0,35104970,True,1,Rua de Leonardo Coimbra,residential,False,22.722,,,,,,
411842524,299611722,0,27292882,False,2,Rua da Alegria,secondary,True,134.608,"LINESTRING (-8.5990691 41.1644174, -8.5995014 41.1633861, -8.5995483 41.1632619)",,,,,
474694626,474695389,0,704509573,True,2,Rua da Constituição,secondary,False,87.493,,,,,,
420776943,4523960189,0,1267564167,False,3,Rua do Doutor Roberto Frias,secondary,True,7.956,,,,,,
420776943,3554953676,0,316459169,True,2,Rua Doutor Roberto Frias,secondary,False,44.44499999999999,"LINESTRING (-8.5992274 41.1779635, -8.5990414 41.1783219, -8.5990345 41.1783359)",,,,,
411835382,411835470,0,35997812,True,,Rua do Mondego,residential,False,61.519000000000005,"LINESTRING (-8.5975134 41.1722701, -8.5976055 41.1722382, -8.5979133 41.1721315, -8.598181 41.1720387)",,,,,
2084090872,412249442,0,705505995,False,2,Rua Doutor Manuel Pereira da Silva,secondary,True,66.615,,,,,,
2084090872,411504967,0,705505995,False,2,Rua Doutor Manuel Pereira da Silva,secondary,False,58.297,"LINESTRING (-8.6045648 41.1736749, -8.6048937 41.1736654, -8.6052572 41.1737054)",,,,,
